排名,代號,名稱,收盤價,合成分,籌碼分,技術分,法人連買(天),融資趨勢,EMA 趨勢,RSI,MACD,布林量突破,技術得分明細
1,1718,"stock_id
1718    中纖
1718    中纖
Name: stock_name, dtype: str",11.15,90.4,84,40,2,S-,多頭排列↑,58.5,遞增↑,✅,EMA多排(+15)、MACD↑(+10)、RSI58(+10)、BB突破(+5)
2,2344,"stock_id
2344    華邦電
2344    華邦電
Name: stock_name, dtype: str",181.0,89.0,90,35,5,S-,多頭排列↑,55.5,遞增↑,,EMA多排(+15)、MACD↑(+10)、RSI55(+10)
3,2408,"stock_id
2408    南亞科
2408    南亞科
Name: stock_name, dtype: str",530.0,89.0,90,35,5,S-,多頭排列↑,56.9,遞增↑,,EMA多排(+15)、MACD↑(+10)、RSI57(+10)
4,1301,台塑,68.5,85.4,84,35,2,S-,多頭排列↑,62.6,遞增↑,,EMA多排(+15)、MACD↑(+10)、RSI63(+10)
5,2426,"stock_id
2426    鼎元
2426    鼎元
Name: stock_name, dtype: str",114.0,85.4,84,35,2,S-,多頭排列↑,68.0,遞增↑,,EMA多排(+15)、MACD↑(+10)、RSI68(+10)
6,1605,華新,38.4,85.4,84,35,2,S-,多頭排列↑,57.4,遞增↑,,EMA多排(+15)、MACD↑(+10)、RSI57(+10)
7,1714,"stock_id
1714    和桐
1714    和桐
Name: stock_name, dtype: str",18.5,84.4,74,40,2,-,多頭排列↑,66.9,遞增↑,✅,EMA多排(+15)、MACD↑(+10)、RSI67(+10)、BB突破(+5)
8,4958,"stock_id
4958    臻鼎-KY
4958    臻鼎-KY
Name: stock_name, dtype: str",576.0,83.0,80,35,5,-,多頭排列↑,69.0,遞增↑,,EMA多排(+15)、MACD↑(+10)、RSI69(+10)
9,3105,穩懋,615.0,82.8,88,30,4,S-,多頭排列↑,77.2,遞增↑,✅,EMA多排(+15)、MACD↑(+10)、BB突破(+5)
10,3037,"stock_id
3037    欣興
3037    欣興
Name: stock_name, dtype: str",1325.0,82.8,88,30,4,S-,多頭排列↑,75.7,遞增↑,✅,EMA多排(+15)、MACD↑(+10)、BB突破(+5)
11,8358,金居,570.0,82.6,71,40,3,S-,多頭排列↑,65.2,遞增↑,✅,EMA多排(+15)、MACD↑(+10)、RSI65(+10)、BB突破(+5)
12,8046,"stock_id
8046    南電
8046    南電
Name: stock_name, dtype: str",1495.0,82.6,96,25,8,S-,多頭排列↑,73.5,遞增↑,,EMA多排(+15)、MACD↑(+10)
13,3189,"stock_id
3189    景碩
3189    景碩
Name: stock_name, dtype: str",1095.0,82.6,96,25,8,S-,多頭排列↑,75.8,遞增↑,,EMA多排(+15)、MACD↑(+10)
14,3293,鈊象,794.0,82.6,96,25,8,S-,多頭排列↑,66.6,遞減↓,,EMA多排(+15)、RSI67(+10)
15,3338,"stock_id
3338    泰碩
3338    泰碩
Name: stock_name, dtype: str",70.1,82.0,70,40,15,S-,多頭排列↑,65.0,遞增↑,✅,EMA多排(+15)、MACD↑(+10)、RSI65(+10)、BB突破(+5)
16,4904,"stock_id
4904    遠傳
4904    遠傳
Name: stock_name, dtype: str",105.5,78.8,73,35,4,S-,多頭排列↑,54.6,負轉正↑,,EMA多排(+15)、MACD↑(+10)、RSI55(+10)
17,2421,"stock_id
2421    建準
2421    建準
Name: stock_name, dtype: str",169.5,78.8,73,35,4,S-,多頭排列↑,58.1,負轉正↑,,EMA多排(+15)、MACD↑(+10)、RSI58(+10)
18,3044,"stock_id
3044    健鼎
3044    健鼎
Name: stock_name, dtype: str",557.0,78.8,73,35,4,S-,多頭排列↑,68.1,遞增↑,,EMA多排(+15)、MACD↑(+10)、RSI68(+10)
19,4927,"stock_id
4927    泰鼎-KY
4927    泰鼎-KY
Name: stock_name, dtype: str",52.9,78.6,81,30,8,S-,多頭排列↑,76.4,遞增↑,✅,EMA多排(+15)、MACD↑(+10)、BB突破(+5)
20,3711,"stock_id
3711    日月光投控
3711    日月光投控
Name: stock_name, dtype: str",742.0,77.8,88,25,4,S-,多頭排列↑,72.2,遞增↑,,EMA多排(+15)、MACD↑(+10)
21,2412,"stock_id
2412    中華電
2412    中華電
Name: stock_name, dtype: str",145.5,77.8,88,25,4,S-,多頭排列↑,66.7,遞減↓,,EMA多排(+15)、RSI67(+10)
22,2377,"stock_id
2377    微星
2377    微星
Name: stock_name, dtype: str",155.0,77.6,71,35,3,S-,多頭排列↑,55.2,遞增↑,,EMA多排(+15)、MACD↑(+10)、RSI55(+10)
23,8021,"stock_id
8021    尖點
8021    尖點
Name: stock_name, dtype: str",560.0,77.4,79,30,7,S-,多頭排列↑,74.8,遞增↑,✅,EMA多排(+15)、MACD↑(+10)、BB突破(+5)
24,6275,"stock_id
6275    元山
6275    元山
Name: stock_name, dtype: str",47.65,77.0,70,35,12,S-,多頭排列↑,62.2,遞增↑,,EMA多排(+15)、MACD↑(+10)、RSI62(+10)
25,3707,漢磊,85.3,76.8,78,30,4,-,多頭排列↑,81.0,遞增↑,✅,EMA多排(+15)、MACD↑(+10)、BB突破(+5)
26,6189,"stock_id
6189    豐藝
6189    豐藝
Name: stock_name, dtype: str",49.4,76.0,85,25,12,S-,多頭排列↑,57.0,遞減↓,,EMA多排(+15)、RSI57(+10)
27,2855,統一證,58.2,75.4,84,25,2,S-,多頭排列↑,70.4,遞增↑,,EMA多排(+15)、MACD↑(+10)
28,5425,台半,105.5,75.0,75,30,5,S-,多頭排列↑,70.1,遞增↑,✅,EMA多排(+15)、MACD↑(+10)、BB突破(+5)
29,2340,"stock_id
2340    台亞
2340    台亞
2340    台亞
Name: stock_name, dtype: str",50.3,74.2,82,25,6,-,多頭排列↑,86.7,遞增↑,,EMA多排(+15)、MACD↑(+10)
30,6196,"stock_id
6196    帆宣
6196    帆宣
Name: stock_name, dtype: str",679.0,73.8,73,30,4,S-,多頭排列↑,78.8,遞增↑,✅,EMA多排(+15)、MACD↑(+10)、BB突破(+5)
31,9933,中鼎,46.35,73.8,73,30,4,S-,多頭排列↑,72.3,遞增↑,✅,EMA多排(+15)、MACD↑(+10)、BB突破(+5)
32,3311,"stock_id
3311    閎暉
3311    閎暉
Name: stock_name, dtype: str",49.5,72.6,71,30,8,-,多頭排列↑,84.4,遞增↑,✅,EMA多排(+15)、MACD↑(+10)、BB突破(+5)
33,3402,漢科,140.0,72.0,70,30,14,S-,多頭排列↑,72.1,遞增↑,✅,EMA多排(+15)、MACD↑(+10)、BB突破(+5)
34,3564,其陽,61.7,72.0,70,30,12,S-,多頭排列↑,78.6,遞增↑,✅,EMA多排(+15)、MACD↑(+10)、BB突破(+5)
35,3035,"stock_id
3035    智原
3035    智原
Name: stock_name, dtype: str",216.0,70.2,92,15,6,S-,多頭排列↑,74.4,遞減↓,,EMA多排(+15)
36,3591,"stock_id
3591    艾笛森
3591    艾笛森
Name: stock_name, dtype: str",27.8,70.0,75,25,5,S-,多頭排列↑,68.1,遞減↓,,EMA多排(+15)、RSI68(+10)
37,6962,"stock_id
6962    奕力-KY
6962    奕力-KY
Name: stock_name, dtype: str",33.9,70.0,75,25,5,S-,短線偏多,68.5,遞增↑,✅,MACD↑(+10)、RSI69(+10)、BB突破(+5)
38,1303,南亞,286.0,69.4,74,25,2,-,多頭排列↑,73.6,遞增↑,,EMA多排(+15)、MACD↑(+10)
39,2404,"stock_id
2404    漢唐
2404    漢唐
Name: stock_name, dtype: str",1310.0,67.6,71,25,3,S-,多頭排列↑,68.0,遞減↓,,EMA多排(+15)、RSI68(+10)
40,3016,"stock_id
3016    嘉晶
3016    嘉晶
Name: stock_name, dtype: str",181.5,66.6,86,15,3,S-,多頭排列↑,84.7,遞減↓,,EMA多排(+15)
41,2347,"stock_id
2347    聯強
2347    聯強
Name: stock_name, dtype: str",97.0,66.6,86,15,3,S-,多頭排列↑,73.2,遞減↓,,EMA多排(+15)
42,1560,中砂,1040.0,64.8,83,15,9,S-,多頭排列↑,79.5,遞減↓,,EMA多排(+15)
43,6190,萬泰科,77.4,62.4,79,15,7,S-,短線偏多,70.9,遞增↑,✅,MACD↑(+10)、BB突破(+5)
44,3558,神準,130.5,62.0,70,20,17,S-,短線偏多,62.7,遞增↑,,MACD↑(+10)、RSI63(+10)
45,6526,"stock_id
6526    達發
6526    達發
Name: stock_name, dtype: str",841.0,60.0,75,15,18,-,多頭排列↑,75.4,遞減↓,,EMA多排(+15)
46,2886,兆豐金,48.55,55.6,76,10,3,-,空頭,42.6,遞減↓,,RSI43(+10)
47,2851,中再保,45.6,53.8,73,10,4,S-,短線偏多,50.2,遞減↓,,RSI50(+10)
48,3029,"stock_id
3029    零壹
3029    零壹
Name: stock_name, dtype: str",117.5,53.8,73,10,4,S-,短線偏多,52.9,遞減↓,,RSI53(+10)
49,5876,上海商銀,48.65,52.6,71,10,3,S-,短線偏多,57.0,遞減↓,,RSI57(+10)
50,5299,杰力,105.0,52.0,70,10,12,S-,短線偏多,64.8,遞減↓,,RSI65(+10)
