排行,代號,大戶佔比(%),大戶增幅(2週%),逐週正增,股價,成交量,TTM殖利率(%),MA20乖離(%),名稱,產業
1,6122,37.95,5.02,✅,63.9,2171張,10.43,18.7,擎邦,電機機械
2,9960,78.07,1.52,✅,38.0,1246張,8.55,12.93,邁達康,運動休閒類
3,3293,58.98,3.46,✅,791.0,3086張,8.22,8.32,鈊象,文化創意業
4,3537,30.48,1.03,⚡,56.8,2256張,7.57,5.94,堡達,電子零組件業
5,6292,47.92,1.0,✅,70.9,1072張,7.33,7.63,迅德,電子零組件業
6,8050,44.04,0.96,✅,62.2,1491張,5.82,6.09,廣積,電腦及週邊設備業
7,2404,56.11,2.53,✅,1285.0,2191張,5.29,14.15,漢唐,其他電子業
8,6278,65.34,2.72,✅,217.0,6238張,5.1,9.26,台表科,光電業
9,6691,69.78,1.99,✅,741.0,1320張,4.99,15.45,洋基工程,電子工業
10,5347,85.18,0.78,✅,187.0,14012張,4.8,13.04,世界,半導體業
11,4906,28.63,1.37,✅,41.85,13521張,4.72,11.42,正文,電子工業
12,6532,40.74,5.47,✅,120.0,1568張,4.67,18.97,瑞耘,半導體業
13,6438,35.27,1.43,⚡,168.0,1600張,4.66,9.59,迅得,電子工業
14,3265,68.6,1.87,⚡,188.0,1626張,4.63,7.37,台星科,半導體業
15,1617,77.82,2.48,✅,24.1,2900張,4.56,23.67,榮星,電器電纜
