rank,stock_id,whale_pct,whale_inc,close,volume,bias,afass_score,rating,stock_name,industry,mops_link
1,6533,30.72,9.45,347.0,1029.0,23.4,20.0,C,晶心科,半導體,"<a href='https://mops.twse.com.tw/mops/#/web/t146sb05?companyId=6533' target='_blank' style='display:inline-flex;align-items:center;gap:4px;font-size:0.78rem;font-weight:500;padding:3px 9px;border-radius:6px;text-decoration:none;color:#5b21b6;background:linear-gradient(135deg,#ede9fe,#ddd6fe);border:1px solid #c4b5fd;white-space:nowrap;'>&#127970; MOPS</a>"
2,6672,41.93,8.29,505.0,2902.0,46.58,51.64,B,騰輝電子-KY,電子,"<a href='https://mops.twse.com.tw/mops/#/web/t146sb05?companyId=6672' target='_blank' style='display:inline-flex;align-items:center;gap:4px;font-size:0.78rem;font-weight:500;padding:3px 9px;border-radius:6px;text-decoration:none;color:#5b21b6;background:linear-gradient(135deg,#ede9fe,#ddd6fe);border:1px solid #c4b5fd;white-space:nowrap;'>&#127970; MOPS</a>"
3,2484,33.18,7.45,87.1,23490.0,17.12,52.89,B,希華,電子,"<a href='https://mops.twse.com.tw/mops/#/web/t146sb05?companyId=2484' target='_blank' style='display:inline-flex;align-items:center;gap:4px;font-size:0.78rem;font-weight:500;padding:3px 9px;border-radius:6px;text-decoration:none;color:#5b21b6;background:linear-gradient(135deg,#ede9fe,#ddd6fe);border:1px solid #c4b5fd;white-space:nowrap;'>&#127970; MOPS</a>"
4,6532,40.74,5.36,116.5,1403.0,13.05,83.01,S,瑞耘,半導體,"<a href='https://mops.twse.com.tw/mops/#/web/t146sb05?companyId=6532' target='_blank' style='display:inline-flex;align-items:center;gap:4px;font-size:0.78rem;font-weight:500;padding:3px 9px;border-radius:6px;text-decoration:none;color:#5b21b6;background:linear-gradient(135deg,#ede9fe,#ddd6fe);border:1px solid #c4b5fd;white-space:nowrap;'>&#127970; MOPS</a>"
5,2340,43.5,4.89,48.15,44974.0,29.65,0.0,C,台亞,電子,"<a href='https://mops.twse.com.tw/mops/#/web/t146sb05?companyId=2340' target='_blank' style='display:inline-flex;align-items:center;gap:4px;font-size:0.78rem;font-weight:500;padding:3px 9px;border-radius:6px;text-decoration:none;color:#5b21b6;background:linear-gradient(135deg,#ede9fe,#ddd6fe);border:1px solid #c4b5fd;white-space:nowrap;'>&#127970; MOPS</a>"
6,3441,30.35,4.81,249.0,42811.0,33.78,39.83,C,聯一光,電子,"<a href='https://mops.twse.com.tw/mops/#/web/t146sb05?companyId=3441' target='_blank' style='display:inline-flex;align-items:center;gap:4px;font-size:0.78rem;font-weight:500;padding:3px 9px;border-radius:6px;text-decoration:none;color:#5b21b6;background:linear-gradient(135deg,#ede9fe,#ddd6fe);border:1px solid #c4b5fd;white-space:nowrap;'>&#127970; MOPS</a>"
7,6207,21.45,4.58,147.5,12108.0,17.93,28.66,C,雷科,電子,"<a href='https://mops.twse.com.tw/mops/#/web/t146sb05?companyId=6207' target='_blank' style='display:inline-flex;align-items:center;gap:4px;font-size:0.78rem;font-weight:500;padding:3px 9px;border-radius:6px;text-decoration:none;color:#5b21b6;background:linear-gradient(135deg,#ede9fe,#ddd6fe);border:1px solid #c4b5fd;white-space:nowrap;'>&#127970; MOPS</a>"
8,3105,59.56,3.87,588.0,22680.0,16.49,47.72,B,穩懋,半導體,"<a href='https://mops.twse.com.tw/mops/#/web/t146sb05?companyId=3105' target='_blank' style='display:inline-flex;align-items:center;gap:4px;font-size:0.78rem;font-weight:500;padding:3px 9px;border-radius:6px;text-decoration:none;color:#5b21b6;background:linear-gradient(135deg,#ede9fe,#ddd6fe);border:1px solid #c4b5fd;white-space:nowrap;'>&#127970; MOPS</a>"
9,6432,34.71,3.65,66.2,1785.0,10.92,26.35,C,今展科,電子,"<a href='https://mops.twse.com.tw/mops/#/web/t146sb05?companyId=6432' target='_blank' style='display:inline-flex;align-items:center;gap:4px;font-size:0.78rem;font-weight:500;padding:3px 9px;border-radius:6px;text-decoration:none;color:#5b21b6;background:linear-gradient(135deg,#ede9fe,#ddd6fe);border:1px solid #c4b5fd;white-space:nowrap;'>&#127970; MOPS</a>"
10,3311,61.33,3.59,47.35,5622.0,20.64,13.77,C,閎暉,電子,"<a href='https://mops.twse.com.tw/mops/#/web/t146sb05?companyId=3311' target='_blank' style='display:inline-flex;align-items:center;gap:4px;font-size:0.78rem;font-weight:500;padding:3px 9px;border-radius:6px;text-decoration:none;color:#5b21b6;background:linear-gradient(135deg,#ede9fe,#ddd6fe);border:1px solid #c4b5fd;white-space:nowrap;'>&#127970; MOPS</a>"
11,4566,56.85,3.29,77.3,2485.0,12.26,46.46,B,時碩工業,傳統產業,"<a href='https://mops.twse.com.tw/mops/#/web/t146sb05?companyId=4566' target='_blank' style='display:inline-flex;align-items:center;gap:4px;font-size:0.78rem;font-weight:500;padding:3px 9px;border-radius:6px;text-decoration:none;color:#5b21b6;background:linear-gradient(135deg,#ede9fe,#ddd6fe);border:1px solid #c4b5fd;white-space:nowrap;'>&#127970; MOPS</a>"
12,6456,57.74,3.28,102.0,71278.0,32.31,15.5,C,GIS-KY,電子,"<a href='https://mops.twse.com.tw/mops/#/web/t146sb05?companyId=6456' target='_blank' style='display:inline-flex;align-items:center;gap:4px;font-size:0.78rem;font-weight:500;padding:3px 9px;border-radius:6px;text-decoration:none;color:#5b21b6;background:linear-gradient(135deg,#ede9fe,#ddd6fe);border:1px solid #c4b5fd;white-space:nowrap;'>&#127970; MOPS</a>"
13,6127,25.26,3.19,58.3,12256.0,14.32,9.8,C,九豪,電子,"<a href='https://mops.twse.com.tw/mops/#/web/t146sb05?companyId=6127' target='_blank' style='display:inline-flex;align-items:center;gap:4px;font-size:0.78rem;font-weight:500;padding:3px 9px;border-radius:6px;text-decoration:none;color:#5b21b6;background:linear-gradient(135deg,#ede9fe,#ddd6fe);border:1px solid #c4b5fd;white-space:nowrap;'>&#127970; MOPS</a>"
14,6658,46.28,3.01,202.5,1042.0,13.62,19.25,C,聯策,電子,"<a href='https://mops.twse.com.tw/mops/#/web/t146sb05?companyId=6658' target='_blank' style='display:inline-flex;align-items:center;gap:4px;font-size:0.78rem;font-weight:500;padding:3px 9px;border-radius:6px;text-decoration:none;color:#5b21b6;background:linear-gradient(135deg,#ede9fe,#ddd6fe);border:1px solid #c4b5fd;white-space:nowrap;'>&#127970; MOPS</a>"
15,8150,70.52,2.86,128.5,34885.0,24.32,25.38,C,南茂,半導體,"<a href='https://mops.twse.com.tw/mops/#/web/t146sb05?companyId=8150' target='_blank' style='display:inline-flex;align-items:center;gap:4px;font-size:0.78rem;font-weight:500;padding:3px 9px;border-radius:6px;text-decoration:none;color:#5b21b6;background:linear-gradient(135deg,#ede9fe,#ddd6fe);border:1px solid #c4b5fd;white-space:nowrap;'>&#127970; MOPS</a>"
16,3236,32.9,2.85,56.2,23257.0,22.49,38.64,C,千如,電子,"<a href='https://mops.twse.com.tw/mops/#/web/t146sb05?companyId=3236' target='_blank' style='display:inline-flex;align-items:center;gap:4px;font-size:0.78rem;font-weight:500;padding:3px 9px;border-radius:6px;text-decoration:none;color:#5b21b6;background:linear-gradient(135deg,#ede9fe,#ddd6fe);border:1px solid #c4b5fd;white-space:nowrap;'>&#127970; MOPS</a>"
17,6488,79.74,2.83,1215.0,14323.0,21.55,43.99,B,環球晶,半導體,"<a href='https://mops.twse.com.tw/mops/#/web/t146sb05?companyId=6488' target='_blank' style='display:inline-flex;align-items:center;gap:4px;font-size:0.78rem;font-weight:500;padding:3px 9px;border-radius:6px;text-decoration:none;color:#5b21b6;background:linear-gradient(135deg,#ede9fe,#ddd6fe);border:1px solid #c4b5fd;white-space:nowrap;'>&#127970; MOPS</a>"
18,6122,37.95,2.62,59.9,1342.0,8.83,43.09,B,擎邦,傳統產業,"<a href='https://mops.twse.com.tw/mops/#/web/t146sb05?companyId=6122' target='_blank' style='display:inline-flex;align-items:center;gap:4px;font-size:0.78rem;font-weight:500;padding:3px 9px;border-radius:6px;text-decoration:none;color:#5b21b6;background:linear-gradient(135deg,#ede9fe,#ddd6fe);border:1px solid #c4b5fd;white-space:nowrap;'>&#127970; MOPS</a>"
19,3042,59.08,2.44,210.5,12723.0,8.14,51.63,B,晶技,電子,"<a href='https://mops.twse.com.tw/mops/#/web/t146sb05?companyId=3042' target='_blank' style='display:inline-flex;align-items:center;gap:4px;font-size:0.78rem;font-weight:500;padding:3px 9px;border-radius:6px;text-decoration:none;color:#5b21b6;background:linear-gradient(135deg,#ede9fe,#ddd6fe);border:1px solid #c4b5fd;white-space:nowrap;'>&#127970; MOPS</a>"
20,6168,58.27,2.29,41.45,11763.0,7.57,14.78,C,宏齊,電子,"<a href='https://mops.twse.com.tw/mops/#/web/t146sb05?companyId=6168' target='_blank' style='display:inline-flex;align-items:center;gap:4px;font-size:0.78rem;font-weight:500;padding:3px 9px;border-radius:6px;text-decoration:none;color:#5b21b6;background:linear-gradient(135deg,#ede9fe,#ddd6fe);border:1px solid #c4b5fd;white-space:nowrap;'>&#127970; MOPS</a>"
21,1617,77.82,2.15,23.95,2242.0,17.94,54.77,B,榮星,電子,"<a href='https://mops.twse.com.tw/mops/#/web/t146sb05?companyId=1617' target='_blank' style='display:inline-flex;align-items:center;gap:4px;font-size:0.78rem;font-weight:500;padding:3px 9px;border-radius:6px;text-decoration:none;color:#5b21b6;background:linear-gradient(135deg,#ede9fe,#ddd6fe);border:1px solid #c4b5fd;white-space:nowrap;'>&#127970; MOPS</a>"
22,3016,77.39,2.0,195.0,4013.0,39.09,14.84,C,嘉晶,半導體,"<a href='https://mops.twse.com.tw/mops/#/web/t146sb05?companyId=3016' target='_blank' style='display:inline-flex;align-items:center;gap:4px;font-size:0.78rem;font-weight:500;padding:3px 9px;border-radius:6px;text-decoration:none;color:#5b21b6;background:linear-gradient(135deg,#ede9fe,#ddd6fe);border:1px solid #c4b5fd;white-space:nowrap;'>&#127970; MOPS</a>"
23,3518,38.13,1.84,50.3,5277.0,41.35,0.0,C,柏騰,電子,"<a href='https://mops.twse.com.tw/mops/#/web/t146sb05?companyId=3518' target='_blank' style='display:inline-flex;align-items:center;gap:4px;font-size:0.78rem;font-weight:500;padding:3px 9px;border-radius:6px;text-decoration:none;color:#5b21b6;background:linear-gradient(135deg,#ede9fe,#ddd6fe);border:1px solid #c4b5fd;white-space:nowrap;'>&#127970; MOPS</a>"
24,3701,74.61,1.79,61.1,13550.0,34.86,7.52,C,大眾控,電子,"<a href='https://mops.twse.com.tw/mops/#/web/t146sb05?companyId=3701' target='_blank' style='display:inline-flex;align-items:center;gap:4px;font-size:0.78rem;font-weight:500;padding:3px 9px;border-radius:6px;text-decoration:none;color:#5b21b6;background:linear-gradient(135deg,#ede9fe,#ddd6fe);border:1px solid #c4b5fd;white-space:nowrap;'>&#127970; MOPS</a>"
25,7792,72.17,1.75,406.5,2065.0,9.72,31.85,C,安葆,電子,"<a href='https://mops.twse.com.tw/mops/#/web/t146sb05?companyId=7792' target='_blank' style='display:inline-flex;align-items:center;gap:4px;font-size:0.78rem;font-weight:500;padding:3px 9px;border-radius:6px;text-decoration:none;color:#5b21b6;background:linear-gradient(135deg,#ede9fe,#ddd6fe);border:1px solid #c4b5fd;white-space:nowrap;'>&#127970; MOPS</a>"
26,5309,36.02,1.74,67.2,6492.0,20.69,12.28,C,系統電,電子,"<a href='https://mops.twse.com.tw/mops/#/web/t146sb05?companyId=5309' target='_blank' style='display:inline-flex;align-items:center;gap:4px;font-size:0.78rem;font-weight:500;padding:3px 9px;border-radius:6px;text-decoration:none;color:#5b21b6;background:linear-gradient(135deg,#ede9fe,#ddd6fe);border:1px solid #c4b5fd;white-space:nowrap;'>&#127970; MOPS</a>"
27,3189,75.66,1.72,1100.0,13228.0,21.11,28.94,C,景碩,半導體,"<a href='https://mops.twse.com.tw/mops/#/web/t146sb05?companyId=3189' target='_blank' style='display:inline-flex;align-items:center;gap:4px;font-size:0.78rem;font-weight:500;padding:3px 9px;border-radius:6px;text-decoration:none;color:#5b21b6;background:linear-gradient(135deg,#ede9fe,#ddd6fe);border:1px solid #c4b5fd;white-space:nowrap;'>&#127970; MOPS</a>"
28,3219,84.34,1.68,130.0,1859.0,22.87,21.15,C,倚強股份,半導體,"<a href='https://mops.twse.com.tw/mops/#/web/t146sb05?companyId=3219' target='_blank' style='display:inline-flex;align-items:center;gap:4px;font-size:0.78rem;font-weight:500;padding:3px 9px;border-radius:6px;text-decoration:none;color:#5b21b6;background:linear-gradient(135deg,#ede9fe,#ddd6fe);border:1px solid #c4b5fd;white-space:nowrap;'>&#127970; MOPS</a>"
29,3624,58.85,1.59,159.5,29811.0,22.31,30.72,C,光頡,電子,"<a href='https://mops.twse.com.tw/mops/#/web/t146sb05?companyId=3624' target='_blank' style='display:inline-flex;align-items:center;gap:4px;font-size:0.78rem;font-weight:500;padding:3px 9px;border-radius:6px;text-decoration:none;color:#5b21b6;background:linear-gradient(135deg,#ede9fe,#ddd6fe);border:1px solid #c4b5fd;white-space:nowrap;'>&#127970; MOPS</a>"
30,3162,62.48,1.56,83.1,1490.0,7.5,32.89,C,精確,傳統產業,"<a href='https://mops.twse.com.tw/mops/#/web/t146sb05?companyId=3162' target='_blank' style='display:inline-flex;align-items:center;gap:4px;font-size:0.78rem;font-weight:500;padding:3px 9px;border-radius:6px;text-decoration:none;color:#5b21b6;background:linear-gradient(135deg,#ede9fe,#ddd6fe);border:1px solid #c4b5fd;white-space:nowrap;'>&#127970; MOPS</a>"
31,6610,82.6,1.28,52.2,3952.0,18.49,0.0,C,安成生技,生技醫療,"<a href='https://mops.twse.com.tw/mops/#/web/t146sb05?companyId=6610' target='_blank' style='display:inline-flex;align-items:center;gap:4px;font-size:0.78rem;font-weight:500;padding:3px 9px;border-radius:6px;text-decoration:none;color:#5b21b6;background:linear-gradient(135deg,#ede9fe,#ddd6fe);border:1px solid #c4b5fd;white-space:nowrap;'>&#127970; MOPS</a>"
32,6538,54.84,1.17,332.0,7772.0,-9.56,24.94,C,倉和,電子,"<a href='https://mops.twse.com.tw/mops/#/web/t146sb05?companyId=6538' target='_blank' style='display:inline-flex;align-items:center;gap:4px;font-size:0.78rem;font-weight:500;padding:3px 9px;border-radius:6px;text-decoration:none;color:#5b21b6;background:linear-gradient(135deg,#ede9fe,#ddd6fe);border:1px solid #c4b5fd;white-space:nowrap;'>&#127970; MOPS</a>"
33,4906,28.63,1.13,42.2,14426.0,9.7,8.38,C,正文,電子,"<a href='https://mops.twse.com.tw/mops/#/web/t146sb05?companyId=4906' target='_blank' style='display:inline-flex;align-items:center;gap:4px;font-size:0.78rem;font-weight:500;padding:3px 9px;border-radius:6px;text-decoration:none;color:#5b21b6;background:linear-gradient(135deg,#ede9fe,#ddd6fe);border:1px solid #c4b5fd;white-space:nowrap;'>&#127970; MOPS</a>"
34,6174,64.17,1.11,58.2,5885.0,24.79,31.11,C,安碁,電子,"<a href='https://mops.twse.com.tw/mops/#/web/t146sb05?companyId=6174' target='_blank' style='display:inline-flex;align-items:center;gap:4px;font-size:0.78rem;font-weight:500;padding:3px 9px;border-radius:6px;text-decoration:none;color:#5b21b6;background:linear-gradient(135deg,#ede9fe,#ddd6fe);border:1px solid #c4b5fd;white-space:nowrap;'>&#127970; MOPS</a>"
35,2327,68.87,1.07,647.0,92784.0,13.03,68.02,A,國巨*,電子,"<a href='https://mops.twse.com.tw/mops/#/web/t146sb05?companyId=2327' target='_blank' style='display:inline-flex;align-items:center;gap:4px;font-size:0.78rem;font-weight:500;padding:3px 9px;border-radius:6px;text-decoration:none;color:#5b21b6;background:linear-gradient(135deg,#ede9fe,#ddd6fe);border:1px solid #c4b5fd;white-space:nowrap;'>&#127970; MOPS</a>"
36,6834,61.99,1.06,125.0,18440.0,12.51,10.29,C,天二科技,電子,"<a href='https://mops.twse.com.tw/mops/#/web/t146sb05?companyId=6834' target='_blank' style='display:inline-flex;align-items:center;gap:4px;font-size:0.78rem;font-weight:500;padding:3px 9px;border-radius:6px;text-decoration:none;color:#5b21b6;background:linear-gradient(135deg,#ede9fe,#ddd6fe);border:1px solid #c4b5fd;white-space:nowrap;'>&#127970; MOPS</a>"
37,3035,32.71,1.04,209.0,3131.0,7.88,34.46,C,智原,半導體,"<a href='https://mops.twse.com.tw/mops/#/web/t146sb05?companyId=3035' target='_blank' style='display:inline-flex;align-items:center;gap:4px;font-size:0.78rem;font-weight:500;padding:3px 9px;border-radius:6px;text-decoration:none;color:#5b21b6;background:linear-gradient(135deg,#ede9fe,#ddd6fe);border:1px solid #c4b5fd;white-space:nowrap;'>&#127970; MOPS</a>"
38,3094,30.29,0.95,67.5,4767.0,25.31,25.03,C,聯傑,半導體,"<a href='https://mops.twse.com.tw/mops/#/web/t146sb05?companyId=3094' target='_blank' style='display:inline-flex;align-items:center;gap:4px;font-size:0.78rem;font-weight:500;padding:3px 9px;border-radius:6px;text-decoration:none;color:#5b21b6;background:linear-gradient(135deg,#ede9fe,#ddd6fe);border:1px solid #c4b5fd;white-space:nowrap;'>&#127970; MOPS</a>"
39,6152,25.44,0.91,19.8,22537.0,26.78,5.42,C,百一,電子,"<a href='https://mops.twse.com.tw/mops/#/web/t146sb05?companyId=6152' target='_blank' style='display:inline-flex;align-items:center;gap:4px;font-size:0.78rem;font-weight:500;padding:3px 9px;border-radius:6px;text-decoration:none;color:#5b21b6;background:linear-gradient(135deg,#ede9fe,#ddd6fe);border:1px solid #c4b5fd;white-space:nowrap;'>&#127970; MOPS</a>"
