排行,代號,名稱,產業,目前股價,MA240,240MA乖離率,指標1得分(殖利率),指標2得分(填息),指標3得分(連續配息),指標4得分(上市時間),指標5得分(連續獲利),指標6得分(ROA),指標7得分(本業佔比),總分,評級,5年平均殖利率,5年平均填息天數,10年平均ROA,平均本業佔比
1,8422,可寧衛*,其他,35.4,156.18833333333333,-77.33505490166786,2,1,1,1,1,2,1,9,優選,5.240583229304276,272.6,16.14876445276542,0.9798446125295748
2,6206,飛捷,電子,90.1,111.83874999999999,-19.437583127493824,2,0,1,1,1,2,1,8,優選,5.3381470045399695,74.25,12.976149458902341,0.9363600377255104
3,2385,群光,電子,117.0,138.95625,-15.800836594251793,2,0,1,1,1,2,1,8,優選,6.017998335466066,292.0,8.729350601403455,0.8768785436214444
4,6176,瑞儀,電子,121.5,143.58333333333334,-15.380150899593737,2,0,1,1,1,2,1,8,優選,6.931243110252574,231.25,8.652419500330467,0.8443084744067335
5,3479,安勤,電子,88.7,101.67708333333333,-12.763036574121497,2,1,1,1,1,2,1,9,優選,4.797192018331182,87.2,9.3684172130136,0.8903167816511184
6,4974,亞泰,電子,74.3,84.91333333333334,-12.49901860720736,2,1,1,1,1,2,1,9,優選,6.679736111968063,89.2,10.573319509297717,0.8786969623439557
7,3293,鈊象,其他,703.0,799.4083333333333,-12.059961012832405,2,1,0,1,1,2,1,8,優選,5.895265480457667,169.66666666666666,31.289683190639636,0.9787783176932091
8,2480,敦陽科,電子,139.5,156.49375,-10.859059866608096,2,1,1,1,1,2,1,9,優選,5.464091314822131,70.6,9.499847581306494,0.9088187973790166
9,3014,聯陽,電子,118.0,131.27291666666667,-10.110933011696375,2,0,1,1,1,2,1,8,優選,6.602804064182573,221.5,13.727381945806453,0.9409373226930619
10,3213,茂訊,電子,99.7,108.15625,-7.818549552152554,2,1,1,1,1,2,1,9,優選,6.310187721581984,75.4,13.968724160455356,0.7972769580457277
11,2420,新巨,電子,50.1,54.21062500000001,-7.582692507234523,2,0,1,1,1,2,1,8,優選,6.016698069384349,111.5,9.451731470148182,0.8251031584389628
12,6147,頎邦,半導體,54.3,57.78125,-6.024878312601411,2,0,1,1,1,2,1,8,優選,6.7796526542991415,86.66666666666667,8.841455920569393,0.8028208698964269
13,8049,晶采,電子,26.45,27.879375,-5.126998004797454,2,0,1,1,1,2,1,8,優選,7.079309876666701,103.66666666666667,12.717278998838802,0.8343278566141821
14,9924,福興,其他,47.55,49.05458333333333,-3.0671615802125243,2,1,1,1,1,2,1,9,優選,5.891372035838196,252.0,9.71888986135888,0.8946505336952914
15,9911,櫻花,其他,83.5,85.84458333333333,-2.7311954258422433,2,1,1,1,1,2,1,9,優選,5.046374459480291,66.2,12.250308377392832,0.9096228738197919
16,3567,逸昌,半導體,27.1,27.417083333333334,-1.1565173781553448,2,0,1,1,1,2,1,8,優選,6.635085744369017,118.75,12.442168323095824,0.9441437391487566
17,2423,固緯,電子,48.7,49.139374999999994,-0.894140391488478,2,1,1,1,1,2,1,9,優選,4.967314956396811,112.0,9.239491725807039,0.9193126698063006
18,2015,豐興,傳統產業,65.1,64.97,0.20009235031552328,2,0,1,1,1,2,1,8,優選,5.0132951605264715,142.33333333333334,11.260078188496346,0.9252678236099307
19,6486,互動,電子,79.3,78.44333333333334,1.092083457272751,2,0,1,1,1,2,1,8,優選,7.231182147797364,194.25,8.924998719709972,0.9579374055289056
20,4736,泰博,生技醫療,131.5,129.51458333333332,1.5329676516479909,2,0,1,1,1,2,1,8,優選,7.574890929486434,167.0,13.339495938012954,0.8126338322025692
21,6803,崑鼎,其他,299.0,293.7875,1.77424158618048,2,0,1,1,1,2,1,8,優選,4.679138505780243,68.5,11.753276754851395,0.9222435501426686
22,6197,佳必琪,電子,148.5,145.80208333333334,1.850396513538609,2,1,0,1,1,2,1,8,優選,4.40251572327044,32.0,8.638899686513431,0.8513569732516721
23,4417,金洲,傳統產業,51.9,48.8975,6.140395725752846,2,1,1,1,1,2,1,9,優選,6.0744586262277735,239.0,8.276489801199252,0.8997543634829093
24,4105,東洋,生技醫療,84.1,78.15541666666667,7.6061053563146,2,1,1,1,1,2,1,9,優選,4.616034412979583,262.2,12.66828406915907,0.8847512300427433
25,5536,聖暉*,其他,651.0,585.39375,11.207200281861576,2,1,0,1,1,2,1,8,優選,6.986298637841287,93.0,9.174909902511782,0.9586384983282024
26,2059,川湖,電子,3105.0,2757.4375,12.604546793898319,0,2,1,1,1,2,1,8,優選,1.6980370750405434,3.6,16.146850410020104,0.9371534598356857
27,8109,博大,電子,106.0,92.78458333333333,14.24311689711384,2,1,1,1,1,2,1,9,優選,4.993685994122115,160.2,13.173741373790577,0.8933753820543855
28,3533,嘉澤,電子,1605.0,1397.8125,14.82226693494299,0,2,1,1,1,2,1,8,優選,2.573969769179113,6.2,13.610317297254323,0.928970338789774
29,3090,日電貿,電子,90.4,78.21625,15.577006056925516,2,1,1,1,1,2,1,9,優選,6.644238293614618,166.0,9.943718702866665,0.9475118155889282
30,6192,巨路,電子,121.0,104.05041666666666,16.28977939380349,2,1,1,1,1,2,1,9,優選,5.032068980522192,232.4,8.969208833089288,0.9571550723142845
31,3152,璟德,電子,151.0,129.02083333333334,17.035362506055215,0,2,1,1,1,2,1,8,優選,3.223313400520356,8.6,16.618583780657957,0.9419821729618117
32,3131,弘塑,其他,1635.0,1388.2375,17.77523658595882,0,2,1,1,1,2,1,8,優選,2.995653887932204,8.8,9.202902898632406,0.9279322252326093
33,8091,翔名,半導體,138.0,113.57791666666667,21.50249278212094,2,1,1,1,1,2,1,9,優選,5.5912676971153,74.2,8.559635569621216,0.9118181156058185
34,2383,台光電,電子,1855.0,1072.2083333333333,73.00742237593752,0,2,1,1,1,2,1,8,優選,2.835797579158787,8.2,13.104628868505788,0.9897747928134839
35,6239,力成,電子,257.0,145.85208333333333,76.20591638217944,2,1,1,1,1,2,1,9,優選,5.5044216796983845,168.6,7.956966633440603,0.8974353559474813
36,2451,創見,電子,231.0,129.65416666666667,78.16627566924832,2,1,1,1,1,2,1,9,優選,5.939323036501325,160.2,10.135437601292882,0.7236144482640023
37,3443,創意,電子,2705.0,1491.9833333333333,81.30229336788838,0,2,1,1,1,2,1,8,優選,1.2001518379539389,3.4,12.509583239686368,0.9516729040630008
38,2360,致茂,電子,1040.0,542.9895833333334,91.5322193872657,0,2,1,1,1,2,1,8,優選,2.883522094208139,3.8,11.521760230521204,0.8019049699060062
39,8299,群聯,半導體,1990.0,798.0104166666666,149.3701784385647,2,1,0,1,1,2,1,8,優選,4.632426988922457,139.0,13.077271427962216,0.733391782804045
40,1442,名軒,傳統產業,29.5,56.86333333333334,-48.12122633214139,1,0,1,1,1,1,1,6,入選,4.905408982638938,17.75,5.011135466069604,0.994285233666831
41,5508,永信建,傳統產業,59.0,100.07791666666667,-41.04593504227956,2,0,1,1,1,1,1,7,入選,8.682365874991847,24.5,10.832737072412966,1.0000939642261195
42,3056,富華新,傳統產業,16.55,27.401666666666664,-39.602213977251985,1,0,1,1,1,1,1,6,入選,6.164088851264452,55.0,6.433017266140797,0.9619484471940793
43,2377,微星,電子,90.0,131.12833333333333,-31.36494782465015,1,0,1,1,1,2,1,7,入選,4.749223808742407,27.75,10.52067701094642,0.9185785303494318
44,6469,大樹,生技醫療,96.3,136.93958333333333,-29.677016932649742,0,2,1,1,1,1,1,7,入選,1.2352291283018288,8.8,6.261205649276109,0.954301497052518
45,6546,正基,電子,61.2,83.87416666666667,-27.033552245923953,1,0,1,1,1,1,1,6,入選,4.197595305002286,12.5,7.743368286371998,0.8709589166781715
46,1565,精華,生技醫療,112.0,151.34375,-25.996283295478012,1,0,1,1,1,2,1,7,入選,5.030884031000374,151.66666666666666,15.088150402383025,0.9418875267689982
47,3592,瑞鼎,電子,230.0,300.85625,-23.551530008101874,1,0,1,1,1,2,1,7,入選,7.440103310801152,84.0,10.91218727200552,0.9373503115530817
48,3529,力旺,半導體,1690.0,2193.9375,-22.969546762384983,0,1,1,1,1,2,1,7,入選,0.876852026788233,13.4,31.142957164550882,0.9677193769123535
49,3078,僑威,電子,62.4,78.75250000000001,-20.764420177137247,1,0,1,1,1,2,1,7,入選,6.024292043491666,226.75,10.375193501971069,0.8203286065085157
50,2392,正崴,電子,39.2,49.386250000000004,-20.625680224758916,1,1,1,1,1,0,1,6,入選,4.386651398793289,191.4,1.8056333075764641,0.9379671534365578
51,4961,天鈺,半導體,145.5,181.94166666666666,-20.029313424632438,1,0,1,1,1,1,1,6,入選,5.838465408020215,62.0,10.42678395840307,0.9074555907810934
52,6412,群電,電子,84.1,104.70083333333334,-19.675901974673877,1,0,1,1,1,1,1,6,入選,5.401916691067315,177.0,8.633730747678493,0.9663435386551338
53,2357,華碩,電子,501.0,623.5104166666666,-19.648495581135034,1,1,1,1,1,1,0,6,入選,6.740016444055852,100.2,5.209860615217648,0.6791360146190192
54,3034,聯詠,電子,373.5,459.19375,-18.661784921941997,1,0,1,1,1,2,1,7,入選,7.871444685405805,86.33333333333333,19.80440730922102,0.9610402556713427
55,3141,晶宏,半導體,45.1,55.000625,-18.000931807593094,0,1,1,1,1,1,1,6,入選,1.680571118659509,20.0,9.071133543735034,0.7388962351824111
56,5457,宣德,電子,35.75,43.28395833333333,-17.40589036546449,0,2,1,1,1,1,1,7,入選,2.942373070422235,4.4,5.9052478476204175,0.8730941023057535
57,4549,桓達,傳統產業,104.5,125.5875,-16.791081914999506,0,1,1,1,1,2,1,7,入選,3.6483515897393017,94.6,12.212585177845195,0.8685819334254132
58,6245,立端,電子,67.8,81.07875,-16.37759585588086,1,0,1,1,1,2,1,7,入選,4.6241689400392,82.0,9.500141618863037,0.898745620885175
59,9939,宏全,其他,118.0,140.18958333333333,-15.82826826767324,1,0,1,1,1,1,1,6,入選,4.415068636552315,19.75,5.172872566567374,1.0052155304276507
60,6143,振曜,電子,103.5,122.95,-15.819438796258645,1,1,1,1,0,1,1,6,入選,4.374151924782097,14.6,5.191178235749197,0.8617909224501774
61,2393,億光,電子,57.2,67.90666666666667,-15.766738660907123,2,0,1,1,1,1,1,7,入選,5.69650861994612,121.0,5.087581803514723,0.8241093477786496
62,5465,富驊,電子,29.5,34.98041666666667,-15.667099448500958,1,1,1,1,1,0,1,6,入選,5.016310798426598,119.6,4.678288606460164,0.921101893379795
63,5213,亞昕,傳統產業,23.9,28.202291666666667,-15.255113724505257,1,1,1,1,1,0,1,6,入選,4.645786664307826,34.8,1.7790775335041757,1.0877050581216645
64,9940,信義,其他,21.6,25.384375,-14.908285116336318,2,0,1,1,1,1,1,7,入選,5.731512533846431,278.25,5.57437506464005,0.9125289869011469
65,6189,豐藝,其他,51.7,60.040625,-13.891635871545303,1,0,1,1,1,1,1,6,入選,6.354587484734149,116.0,6.238589861103138,1.0831974012072279
66,3032,偉訓,電子,73.7,85.25166666666668,-13.550077222341702,1,1,1,1,1,1,1,7,入選,5.039606727561686,130.6,6.447073147839477,0.8139394454915092
67,2376,技嘉,電子,228.0,262.34375,-13.091125670041691,1,1,1,1,1,1,1,7,入選,5.095060181547778,35.2,8.786672357106319,0.8212813394311587
68,5244,弘凱,電子,37.65,43.26499999999999,-12.978157864324501,1,1,1,1,1,1,1,7,入選,4.529579081775006,117.4,8.650879547284188,0.8511058283258807
69,3147,大綜,其他,166.5,191.00416666666666,-12.829126764250343,1,0,1,1,1,1,1,6,入選,4.831928777596358,21.0,8.241240815756822,0.8649314500224643
70,2397,友通,電子,58.7,67.23625,-12.695904367063893,1,1,1,1,1,1,1,7,入選,4.780239187101932,161.2,8.078678035276456,0.9273209693241394
71,3227,原相,半導體,192.0,219.11041666666668,-12.37294742947335,1,1,1,1,1,1,1,7,入選,5.155162933113295,28.4,9.025783584167959,0.731650374611597
72,3596,智易,電子,180.5,205.48541666666668,-12.159216489410243,1,1,1,1,1,1,1,7,入選,4.85772096354902,85.0,5.659797640606253,0.9503597372534077
73,6438,迅得,電子,144.5,164.20208333333332,-11.998680487712035,1,1,0,1,1,1,1,6,入選,4.75066334550069,121.33333333333333,7.690416868180958,0.8838546756434879
74,4908,前鼎,電子,71.5,80.77250000000001,-11.479773437741816,0,1,1,1,1,1,1,6,入選,3.741199195446731,12.0,8.777253448485574,0.9162596527299461
75,3003,健和興,電子,47.0,53.060833333333335,-11.422423947356025,0,1,1,1,1,2,1,7,入選,2.6820812919503436,31.6,7.829198279255768,0.9440613481784433
76,1582,信錦,電子,66.1,74.52583333333334,-11.30592300209101,1,0,1,1,1,1,1,6,入選,6.096260730776648,232.25,7.6974836932642585,0.8434306268269951
77,1339,昭輝,其他,42.8,48.168125,-11.14455877200951,2,0,1,1,1,1,1,7,入選,5.411891929705171,157.0,5.452157964197227,0.9652752439131944
78,3577,泓格,電子,61.0,68.57041666666667,-11.040353894111293,0,1,1,1,1,1,1,6,入選,1.6538592635689,35.8,7.676115133259536,0.9506823867840231
79,6216,居易,電子,27.45,30.709583333333335,-10.614221944832645,1,0,1,1,1,2,1,7,入選,5.577689368854829,129.75,10.19916619219661,0.8357699530446798
80,6227,茂綸,其他,82.8,92.49166666666666,-10.478421479412555,1,1,1,1,1,0,1,6,入選,5.910404204049263,84.4,4.665446566249152,1.0894450089110816
81,3088,艾訊,電子,82.3,91.85249999999999,-10.399825807680788,1,0,1,1,1,2,1,7,入選,4.349171553130789,74.5,12.349655577347468,0.9141353888206682
82,3035,智原,電子,161.5,180.00208333333333,-10.27881621740489,0,1,1,1,1,1,1,6,入選,1.7604405809645427,15.0,8.151997151288779,0.8213474306099764
83,3005,神基,電子,112.0,124.41375,-9.977795862595567,1,1,1,1,1,2,1,8,入選,5.365102573062969,336.2,9.003278084081627,0.823202947729363
84,3515,華擎,電子,222.0,246.30833333333334,-9.869066549379166,1,1,1,1,1,1,1,7,入選,4.9354255857543565,70.8,7.721006294306578,0.9267753850791427
85,6491,晶碩,生技醫療,289.5,320.87083333333334,-9.776779337480036,0,1,1,1,1,2,1,7,入選,2.1743549229618333,39.6,12.397614862318258,1.0010101555994937
86,9938,百和,其他,51.0,56.337916666666665,-9.4748208355829,1,1,1,1,1,1,0,6,入選,4.171262769207213,21.4,6.71490689168631,1.3055358867224782
87,6203,海韻電,電子,65.0,71.40708333333333,-8.972615928625194,2,1,1,1,1,1,1,8,入選,5.988495738979993,215.0,11.556346486065703,0.8332112009795001
88,3528,安馳,電子,68.1,74.58541666666666,-8.695287841121756,1,1,1,1,1,1,0,6,入選,5.439888781134199,138.4,5.851242785121391,1.2948714604345846
89,2379,瑞昱,電子,487.0,531.9583333333334,-8.451476462755549,1,1,1,1,1,2,1,8,入選,4.906188582659171,63.2,9.94237490339955,0.8723768016261506
90,5474,聰泰,電子,151.5,165.30625,-8.351922567960985,0,1,1,1,1,2,1,7,入選,3.7687720344950186,214.4,18.585203430830227,0.9332923962370785
91,5534,長虹,傳統產業,77.7,84.45791666666668,-8.001519494422773,2,0,1,1,1,1,1,7,入選,6.0734537852911785,216.25,7.666788475171531,0.953198025209506
92,3501,維熹,電子,50.6,54.871875,-7.785181388461759,2,0,1,1,1,1,1,7,入選,5.526731248368113,186.25,7.511283009407194,0.8445565602374522
93,9917,中保科,其他,105.0,113.66458333333334,-7.622940303158055,1,0,1,1,1,1,1,6,入選,4.4636080063712615,121.0,9.681186549984542,0.8360976653349308
94,3303,岱稜,其他,44.65,48.18375,-7.333904065167209,1,1,1,1,1,1,1,7,入選,5.600566741711516,53.8,5.942771022499956,1.2861218895089794
95,3029,零壹,電子,111.0,119.44375,-7.069227146669453,1,0,1,1,1,2,1,7,入選,5.703068011220753,240.25,7.509606249858618,0.9235616693689412
96,2608,嘉里大榮,其他,32.5,34.91020833333334,-6.904021626911909,1,0,1,1,1,1,1,6,入選,4.331559333379366,65.0,7.6266970888189505,0.9496180122854649
97,3376,新日興,電子,203.0,217.70416666666668,-6.754196252559863,1,1,1,1,1,1,1,7,入選,4.677735150436832,185.2,6.682160766225318,0.8411782790149779
98,6248,沛波,傳統產業,21.6,23.151041666666668,-6.699662542182226,2,0,1,1,1,1,1,7,入選,5.875521080069815,345.6666666666667,5.7678593617403235,0.920952640655791
99,5299,杰力,半導體,72.2,76.84666666666666,-6.046673028541678,1,0,1,1,1,1,1,6,入選,5.190743380797278,47.333333333333336,14.21924334550991,0.8191658773827187
100,3338,泰碩,電子,51.2,54.39958333333333,-5.881632059069073,0,1,1,1,1,1,1,6,入選,3.518125868278183,35.0,5.794915477981142,0.8995020797655453
101,3416,融程電,電子,145.0,153.80208333333334,-5.722993565865227,1,1,1,1,1,2,1,8,入選,4.463651146989716,63.4,10.300476885938531,0.9315736745293286
102,1709,和益,傳統產業,16.75,17.71604166666667,-5.452920493432284,2,1,0,1,1,1,1,7,入選,6.6233444777568335,188.33333333333334,5.715256888057468,0.9080968164395123
103,3705,永信,生技醫療,55.3,58.388333333333335,-5.289298661262247,2,1,1,1,1,1,1,8,入選,4.523246128185514,126.4,6.9415241423601755,0.844307380689363
104,4952,凌通,電子,38.9,41.014583333333334,-5.1556864936252405,1,1,1,1,1,2,1,8,入選,5.3420411856142165,190.4,11.612862024415103,0.9367923641287378
105,3045,台灣大,電子,105.0,110.6,-5.063291139240501,1,0,1,1,1,2,1,7,入選,4.03705520622375,280.5,8.320500634476172,1.030654729936621
106,6214,精誠,電子,114.5,120.34666666666666,-4.858187458453355,1,1,1,1,1,1,1,7,入選,5.0462104800858665,191.8,5.786974808242608,0.7055430605743982
107,1527,鑽全,傳統產業,34.15,35.884166666666665,-4.832679222498317,2,0,1,1,1,1,1,7,入選,5.312446319665772,143.25,7.239639616118064,0.8684233018797209
108,5519,隆大,傳統產業,30.25,31.73604166666667,-4.682504775721616,2,0,1,1,1,1,1,7,入選,7.688784882205543,84.5,5.176175203287404,0.9872248615594916
109,8255,朋程,傳統產業,125.0,131.01666666666668,-4.592291057117424,0,2,1,1,1,1,1,7,入選,2.4160404899105337,2.0,7.952961314263492,0.7222646505009263
110,6416,瑞祺電通,電子,86.5,90.54125,-4.46343517457513,0,1,1,1,1,1,1,6,入選,2.9741024352534517,49.6,10.498467452756547,0.9075237855994931
111,3413,京鼎,半導體,283.5,296.5833333333333,-4.411351503231239,1,1,1,1,1,2,1,8,入選,4.566386377467571,40.0,12.77342669963664,0.954631602997809
112,2476,鉅祥,電子,82.7,86.325,-4.199247031566753,0,2,1,1,1,1,1,7,入選,3.377274949101875,5.4,7.258060973646894,0.8377362882905292
113,8016,矽創,電子,193.0,201.3125,-4.129152437131325,1,0,1,1,1,2,1,7,入選,8.046206938908472,37.5,16.94840481033987,0.9216283046854873
114,2488,漢平,電子,45.5,47.440625,-4.0906396153086035,1,0,1,1,1,1,1,6,入選,5.467518124508257,112.25,8.494875926211076,0.7744504746339137
115,1476,儒鴻,傳統產業,406.5,423.3979166666667,-3.9910249912660976,0,1,1,1,1,2,1,7,入選,2.9725446841918135,50.6,18.956019004350004,0.9700125895911211
116,3484,崧騰,電子,48.85,50.854375,-3.9414013051974313,1,0,1,1,1,1,1,6,入選,4.656244082229977,210.25,5.995079484248859,0.9043124418706536
117,3042,晶技,電子,85.4,88.86083333333333,-3.8946667541942848,1,1,1,1,1,2,1,8,入選,5.627501733885631,99.4,8.898612379231732,0.8911222906549925
118,8341,日友,其他,75.8,78.86125,-3.8818177495284454,1,0,1,1,1,1,1,6,入選,4.253315469300158,32.666666666666664,13.760182864155743,1.041884461937664
119,5410,國眾,其他,29.9,31.095000000000002,-3.843061585463913,2,1,1,1,1,1,1,8,入選,6.432217120601879,103.8,6.773938492040086,0.7887677004997512
120,3040,遠見,其他,54.0,56.10583333333333,-3.753323332392644,1,1,1,1,1,1,0,6,入選,5.618349525514713,329.2,10.188289484387312,0.46568430439428443
121,6414,樺漢,電子,285.0,294.63125,-3.2689166542924495,0,1,1,1,1,1,1,6,入選,3.5885821484311995,49.0,6.598362964887788,0.7892503023721057
122,3217,優群,電子,157.0,162.27916666666667,-3.2531388810434705,1,1,1,1,1,1,1,7,入選,5.153966669880264,112.2,13.003195573498184,0.8880795843608539
123,3583,辛耘,電子,320.5,330.46666666666664,-3.015937058704854,0,1,1,1,1,1,1,6,入選,2.1305351124667133,27.2,6.597008622682514,0.9857422895492318
124,9907,統一實,其他,17.85,18.38291666666667,-2.8989777646818937,1,1,1,1,1,0,1,6,入選,4.9348871071637985,164.2,2.949399038863459,1.0067172415298709
125,9933,中鼎,其他,31.1,31.899166666666666,-2.50529010684709,1,1,1,1,1,0,1,6,入選,4.359882015861493,68.2,3.3493135003840697,0.9404035828983762
126,6151,晉倫,其他,29.6,30.340208333333337,-2.439694300055625,2,1,1,1,1,1,1,8,入選,6.21124461252124,403.8,6.747411170471135,0.9588075021651349
127,8182,加高,電子,27.35,28.032083333333333,-2.4332238357833953,1,1,1,1,1,0,1,6,入選,4.830454054300339,171.8,4.051004928908932,0.9276338164543436
128,6494,九齊,半導體,37.8,38.68083333333333,-2.2771829286683807,1,0,1,1,1,1,1,6,入選,5.329518381389695,80.66666666666667,14.163942442763837,0.8795458959506736
129,8415,大國鋼,傳統產業,33.9,34.50333333333333,-1.7486233214182159,1,1,1,1,1,1,1,7,入選,4.455798460903068,88.2,5.36882470174031,0.9952382142501367
130,4951,精拓科,半導體,67.9,68.92104166666667,-1.4814658077933311,0,1,1,1,1,1,1,6,入選,3.9704545437495478,119.0,8.462268049110955,1.0382519298916202
131,3093,港建*,其他,25.85,26.214583333333334,-1.3907653182865727,1,0,1,1,1,1,1,6,入選,5.576075506358951,106.0,11.079808601790475,0.9843992446565464
132,2414,精技,其他,40.6,41.163333333333334,-1.3685318649283325,2,1,1,1,1,1,1,8,入選,6.239688971507485,175.2,5.003103383044421,0.9872291823541298
133,5609,中菲行,其他,78.0,78.85208333333334,-1.0806097915400754,1,0,1,1,1,1,1,6,入選,7.571227635802953,327.6666666666667,12.19885348562662,0.9198344969275795
134,3580,友威科,其他,66.4,67.07625,-1.0081809880546335,1,1,1,1,0,1,1,6,入選,4.237505770378697,22.0,6.165016853812756,0.8264547370694515
135,9925,新保,其他,40.7,40.98145833333333,-0.6867943328029267,2,0,1,1,1,1,1,7,入選,4.852075013990117,156.25,6.05272749611862,0.7563537304504916
136,4532,瑞智,傳統產業,25.6,25.720833333333335,-0.46978778551757744,1,1,1,1,1,0,1,6,入選,4.493437297552475,28.0,3.6450461334335804,0.789961509709332
137,6146,耕興,其他,174.5,175.20625,-0.4030963507295039,1,1,1,1,1,2,1,8,入選,4.272423529333421,118.0,17.443601660797178,0.9570650670444467
138,2527,宏璟,傳統產業,28.55,28.547083333333333,0.010217039102071375,1,1,1,1,1,0,1,6,入選,6.356066708787443,117.0,2.9278142087271273,0.7886806091915044
139,1612,宏泰,其他,35.5,35.48833333333333,0.03287465364205213,2,1,1,1,1,1,0,7,入選,6.872546801915563,151.6,7.851609403303819,0.6506754637666976
140,9942,茂順,其他,111.5,111.40958333333333,0.0811569920301617,1,0,1,1,1,2,1,7,入選,5.049248114181372,73.0,12.409736748987884,0.9515382177088201
141,5471,松翰,半導體,35.8,35.42520833333333,1.0579801342029282,1,0,1,1,1,1,1,6,入選,5.2020068864126525,62.5,11.241314719068734,0.7996315275879364
142,4551,智伸科,其他,122.5,121.21583333333334,1.0594050557201664,0,1,1,1,1,1,1,6,入選,3.081583995629063,171.4,7.992561929823592,0.9336269905395215
143,3537,堡達,電子,46.2,45.69583333333333,1.1033099297893754,1,1,1,1,1,1,1,7,入選,6.116692190811088,133.0,8.68438767055424,0.9574408978016736
144,8464,億豐,其他,413.5,408.24583333333334,1.287010481837944,0,1,1,1,1,2,1,7,入選,3.216374928811367,31.8,20.229235882250443,0.9443917099311007
145,2356,英業達,電子,44.05,43.38250000000001,1.538638852071664,1,1,1,1,1,0,1,6,入選,4.463429627140008,127.8,2.5455114047976974,0.8573450627177335
146,3038,全台,電子,23.4,23.006041666666665,1.7124125003395871,2,0,1,1,1,1,1,7,入選,5.135984539361047,201.5,6.638863990431775,0.8925894270928975
147,8261,富鼎,電子,88.4,86.69458333333334,1.967154810710009,0,1,1,1,1,1,1,6,入選,3.530783201408435,193.8,7.781589468387798,0.8828293395284122
148,2501,國建,傳統產業,22.0,21.57,1.9935095039406567,1,1,1,1,1,0,1,6,入選,4.004236267490431,224.4,3.1496238417344724,0.9903089744397029
149,3492,長盛,電子,24.85,24.363749999999996,1.9957929300703114,0,1,1,1,1,1,1,6,入選,2.745348604431171,33.8,5.649680631073373,0.7063932964430648
150,2477,美隆電,其他,24.05,23.53375,2.19365804429808,1,1,1,1,1,1,0,6,入選,4.631681996829252,98.8,5.194859278479859,-0.3807030358799807
151,1521,大億,其他,26.45,25.756875,2.6910290941738793,0,2,1,1,1,1,1,7,入選,2.4626031178039733,3.2,7.20732055506789,1.2376248936218217
152,1720,生達,生技醫療,60.2,58.60041666666667,2.7296449826153144,1,0,1,1,1,2,1,7,入選,4.44726999153949,58.5,8.54370300962225,0.8623768314380825
153,1319,東陽,其他,111.0,107.92333333333333,2.850789140439202,0,1,1,1,1,1,1,6,入選,3.3457305512484568,101.8,5.946363420424582,0.7829198718224364
154,3231,緯創,電子,128.5,123.49375,4.053848878991847,1,1,1,1,1,0,1,6,入選,4.714828248822192,44.2,2.900175492977035,0.9846785352269428
155,9927,泰銘,其他,69.5,66.32625,4.785058706017599,1,1,1,1,1,2,1,8,入選,7.242253889924572,97.2,10.038653681118394,0.9084111157943928
156,2049,上銀,傳統產業,234.0,222.73541666666668,5.05738310588983,0,1,1,1,1,1,1,6,入選,1.4561131302009642,285.2,5.2668845105308515,0.9623430691101843
157,6205,詮欣,電子,51.5,48.81104166666667,5.508914052063012,0,1,1,1,1,1,1,6,入選,3.5774568524028654,63.4,6.685735115914193,0.8200764450720375
158,2493,揚博,電子,109.5,103.63041666666666,5.663958056072667,1,0,1,1,1,2,1,7,入選,5.297145457054488,43.75,10.550060816020729,0.9964174184594927
159,3071,協禧,電子,23.25,21.919166666666666,6.071550773676012,1,0,1,1,1,1,1,6,入選,4.780629367768985,93.5,5.2271387517345875,0.711147275196197
160,3526,凡甲,電子,261.5,246.36041666666668,6.145298639357981,2,1,1,1,1,1,1,8,入選,5.869563106895132,22.2,13.753641337503563,0.9087472267788339
161,2006,東和鋼鐵,傳統產業,70.0,65.88583333333334,6.2443873872734335,1,0,1,1,1,1,1,6,入選,5.486481649731215,301.5,5.989038116378012,0.9832197893658454
162,4987,科誠,電子,79.9,75.14875,6.3224604534340205,1,0,1,1,1,2,1,7,入選,5.287319046132899,198.5,10.910665850810684,0.9617855679568906
163,1712,興農,傳統產業,45.8,42.92979166666667,6.685819385333605,2,1,1,1,1,1,1,8,入選,5.95529827854674,178.8,5.320628800598229,1.0019680343942832
164,6411,晶焱,半導體,81.0,75.74499999999999,6.937751666776698,0,1,1,1,1,2,1,7,入選,3.956563713604595,18.0,11.998941739659852,0.8596358730832471
165,8081,致新,電子,240.5,224.49583333333334,7.128937062677479,1,0,1,1,1,2,1,7,入選,6.209728969862391,267.25,12.822198500007971,0.9347069499475917
166,8249,菱光,電子,57.5,53.5775,7.321170267369697,1,1,1,1,1,0,1,6,入選,4.7264774754004675,29.4,4.44994923092264,0.7782060842691181
167,3556,禾瑞亞,半導體,42.3,39.40333333333333,7.351323915066413,1,0,1,1,1,1,1,6,入選,4.923898336504761,42.0,13.18114394192043,0.8867821514502847
168,8083,瑞穎,傳統產業,167.5,155.71666666666667,7.5671625816119015,1,0,1,1,1,2,1,7,入選,5.480641390995681,159.0,19.292339411006523,0.983715476282969
169,6432,今展科,電子,32.25,29.823125,8.137561036946996,1,1,1,1,1,1,0,6,入選,4.297957089309276,118.0,5.074921012058127,0.6135867578673087
170,5222,全訊,電子,137.5,126.99041666666668,8.275886959974006,0,1,1,1,1,2,1,7,入選,1.946397048395006,107.4,15.174598489751485,1.0115489500872858
171,4953,緯軟,其他,120.5,110.71833333333333,8.834730773283557,1,1,1,1,1,1,1,7,入選,4.5987916546733105,85.4,9.485655506470632,0.9044166038062912
172,1477,聚陽,傳統產業,315.0,288.4,9.223300970873796,1,1,0,1,1,2,1,7,入選,4.605815639245017,65.0,13.819008538437817,0.9830928408412689
173,5511,德昌,傳統產業,67.6,61.74916666666666,9.47516160811887,1,0,1,1,1,1,1,6,入選,5.8937410618065105,94.5,5.603550973447927,0.901815459107489
174,5285,界霖,電子,53.8,48.797291666666666,10.252020475863153,0,1,1,1,1,1,1,6,入選,3.7655409527680304,27.8,6.027572443648834,0.9422429021467202
175,3430,奇鈦科,傳統產業,64.3,58.033125000000005,10.798789484453906,0,1,1,1,1,1,1,6,入選,3.8245049167990195,65.6,7.089787143179808,0.957101007157711
176,5315,光聯,電子,25.0,22.522499999999997,11.000111000111014,2,1,1,1,1,1,1,8,入選,6.142133280728517,144.0,10.471218080723109,0.7933783156551719
177,5007,三星,傳統產業,59.4,53.403749999999995,11.228144091004852,1,1,1,1,1,2,1,8,入選,4.941234742487453,284.4,12.242702169707949,0.9193746230756791
178,8028,昇陽半導體,電子,170.0,152.67416666666668,11.348241625684318,0,1,1,1,1,1,1,6,入選,1.8906160936687937,13.8,5.3735558447327385,0.8261374170582357
179,3444,利機,其他,66.6,59.661458333333336,11.629855958096886,1,1,0,1,1,2,1,7,入選,4.245425193316552,27.25,7.985042197584856,0.7208840320336676
180,3587,閎康,其他,208.0,186.11041666666668,11.761611050787495,0,1,1,1,1,2,1,7,入選,3.2718934267345197,45.0,9.30122481714274,0.9517152695591429
181,6449,鈺邦,電子,161.5,144.14249999999998,12.041902977955855,0,1,1,1,1,1,1,6,入選,3.4039071349048875,42.4,6.896120541984449,0.8792103428460158
182,6417,韋僑,電子,109.5,97.46374999999999,12.34946326198203,0,2,1,1,1,1,1,7,入選,1.9731719879627594,11.6,7.205081188375745,0.9351405272511011
183,6530,創威,電子,64.5,57.341249999999995,12.484467987705196,1,1,1,1,1,1,1,7,入選,4.229682862206388,20.6,7.0062359811201365,0.9429025077830661
184,3026,禾伸堂,電子,103.5,91.98583333333335,12.51732603752388,2,0,1,1,1,1,1,7,入選,6.185325229320883,401.75,7.312433998008442,0.8595221594299447
185,6213,聯茂,電子,107.5,95.52270833333334,12.538685173028219,0,1,1,1,1,1,1,6,入選,3.402799929429127,136.8,6.63520075788032,0.9314297494692662
186,3455,由田,電子,108.5,96.41041666666666,12.539706549689916,2,1,1,1,1,1,1,8,入選,6.5234922571524745,88.4,8.20307708680569,0.9211703566305612
187,5434,崇越,其他,329.0,288.75,13.939393939393941,1,1,1,1,1,2,1,8,入選,4.8572435405797005,87.6,9.282799429916174,0.8128887776330098
188,3689,湧德,電子,113.5,99.54625,14.017353742607078,1,2,1,1,1,0,1,7,入選,4.033866796544752,5.6,4.180880687616886,0.7576210109331816
189,1570,力肯,傳統產業,30.65,26.760833333333334,14.533055149005067,1,1,1,1,1,1,1,7,入選,4.724329618967563,67.0,8.434419872198509,0.7253258808283565
190,6470,宇智,電子,53.5,46.706875000000004,14.54416507205844,1,1,1,1,1,2,1,8,入選,5.1798074161649135,149.2,9.656123354276803,0.9526250131249752
191,6261,久元,半導體,72.3,62.60083333333333,15.493670212057886,2,1,0,1,1,1,1,7,入選,6.468736904311004,258.0,6.935359975324296,0.9306610150380743
192,8048,德勝,電子,54.4,47.00395833333334,15.734933671366319,1,1,1,1,1,2,1,8,入選,4.948885620946598,246.2,11.930989293084545,0.7516620030845961
193,3402,漢科,其他,129.0,110.95166666666667,16.26684291958961,2,1,1,1,1,1,1,8,入選,6.022718099256949,43.4,6.593255750088625,0.9159349998492248
194,3551,世禾,其他,181.0,153.6820833333333,17.77560277304068,0,2,1,1,1,1,1,7,入選,3.730957426135995,12.2,6.0012834868556615,0.9208190019800826
195,6005,群益證,金融,28.7,24.355624999999996,17.837255254176412,1,1,1,1,1,1,N/A,6,入選,6.853585052658215,132.6,1.8821502595532684,
196,8436,大江,生技醫療,151.5,128.44583333333333,17.948551594381556,1,1,1,1,1,2,1,8,入選,4.885990452407967,81.8,12.845268356482592,0.8756070878229384
197,3010,華立,其他,121.5,101.89041666666667,19.245758310603303,1,0,1,1,1,1,1,6,入選,5.569751434926443,51.5,5.299414303467755,0.7878929522334212
198,5439,高技,電子,300.0,251.57708333333332,19.247745472312168,0,1,1,1,1,2,1,7,入選,3.962728795785135,25.0,9.93768884216884,0.9806048725194264
199,5425,台半,半導體,61.8,51.754374999999996,19.41019479029551,0,1,1,1,1,1,1,6,入選,3.276536987377972,38.4,8.927906023698297,0.9528310108085835
200,1215,卜蜂,食品餐飲,148.5,124.14083333333335,19.622203277191886,1,1,1,1,1,2,1,8,入選,4.250670155251623,240.6,8.499404128804372,0.9893814148949029
201,2421,建準,電子,149.0,124.12333333333332,20.041893815291257,0,1,1,1,1,1,1,6,入選,3.5165978575278047,48.4,7.976864122089893,0.8645132047667733
202,5234,達興材料,電子,342.0,284.30833333333334,20.29193657121083,0,1,1,1,1,2,1,7,入選,3.942151270416683,52.6,12.904867464689284,0.968973784743854
203,3030,德律,電子,181.5,149.74541666666667,21.20571302961415,1,1,1,1,1,2,1,8,入選,4.635134661446077,274.2,14.208529368515775,0.9638326508488703
204,6664,群翊,電子,288.5,237.50833333333333,21.46942212553946,1,1,1,0,1,2,1,7,入選,4.751415283085986,45.4,9.610626729198685,0.905287408288701
205,2478,大毅,電子,61.3,50.31041666666667,21.84355459853409,1,1,1,1,1,1,1,7,入選,4.647577818520439,412.2,6.4750662345339105,0.8884262673799682
206,2472,立隆電,電子,108.5,88.99874999999999,21.91182460427817,1,1,1,1,1,2,1,8,入選,4.566892848322798,140.8,8.734034420187797,0.9286451056771489
207,3036,文曄,其他,156.5,128.22583333333333,22.05028887834615,1,1,1,1,1,0,1,6,入選,4.75857188522715,97.4,3.316249368560192,1.240353283240844
208,3357,臺慶科,電子,152.0,123.69125000000001,22.886622942204873,1,1,1,1,1,2,1,8,入選,4.874084138273189,37.8,8.908351582239414,0.8320585524194797
209,2484,希華,電子,27.5,22.32229166666667,23.195236450857223,1,1,1,1,1,1,1,7,入選,4.193856584955088,141.8,5.837604257130419,0.8077912285885003
210,3211,順達,電子,321.0,257.6041666666667,24.609785685402336,2,1,1,1,1,1,0,7,入選,7.741629657716439,255.0,6.65201371474632,0.5782994753243929
211,2455,全新,電子,172.0,136.67999999999998,25.841381328650883,0,1,1,1,1,2,1,7,入選,2.5434914852510895,53.0,12.674514054420028,0.963460994537223
212,6568,宏觀,半導體,151.5,117.46499999999999,28.974588175201138,0,1,1,1,1,1,1,6,入選,2.362938785382409,69.2,12.511652967371978,0.8536339750657916
213,2441,超豐,電子,86.4,66.12791666666666,30.655862690366536,1,1,1,1,1,2,1,8,入選,5.244323609596419,229.2,12.348984860853744,0.9319155273786723
214,2303,聯電,半導體,60.8,46.244375,31.475449716857458,1,1,0,1,1,1,1,6,入選,5.310317749598787,219.5,6.590651830812862,0.8683534106313141
215,8390,金益鼎,其他,93.3,70.66916666666667,32.02363123946086,1,1,1,1,0,1,1,6,入選,4.1877821495184016,38.4,5.96912278626227,0.8700018946246125
216,1560,中砂,傳統產業,414.0,313.2395833333333,32.16720428319644,0,1,1,1,1,2,1,7,入選,2.3396989400984696,53.8,9.93157264787444,0.9672601069077901
217,5469,瀚宇博,電子,98.7,74.43249999999999,32.60336546535454,1,1,1,1,1,0,1,6,入選,4.717647595165171,42.6,4.2843340286484,0.8612620680916414
218,6138,茂達,半導體,260.0,194.09791666666666,33.95300911266865,1,1,1,1,1,2,1,8,入選,4.679077242682306,25.0,13.675677302450628,0.9237615578147393
219,3324,雙鴻,其他,1005.0,749.0020833333333,34.17853199117715,0,1,1,1,1,1,1,6,入選,2.3636151310870153,14.4,10.252630657293832,0.8972783707439334
220,3624,光頡,電子,55.6,40.57270833333334,37.03793087512643,0,1,1,1,1,1,1,6,入選,3.2419386336751983,52.2,6.810382715821456,0.9432431114780953
221,4722,國精化,傳統產業,156.5,112.51104166666667,39.097458953102745,1,1,1,1,1,1,1,7,入選,4.070972400311742,132.4,7.631127811096372,0.8782145298075171
222,5347,世界,半導體,135.5,97.22041666666665,39.37401694602902,1,1,1,1,1,2,1,8,入選,4.3180301518499205,183.8,13.724016391836951,0.8755336346681512
223,6290,良維,電子,172.5,122.60458333333332,40.69620833913905,1,1,1,1,1,1,1,7,入選,4.1169679130449275,121.6,7.962591254175256,0.7759193858053266
224,6257,矽格,半導體,126.5,87.89166666666667,43.92718308523751,1,1,0,1,1,2,1,7,入選,5.977684429872545,14.75,7.290460480137014,0.8848030522019839
225,8039,台虹,電子,85.8,58.67208333333333,46.236498050606116,1,1,1,1,1,1,1,7,入選,4.56533401930575,264.8,5.185740682531245,0.9566727608673871
226,8088,品安,半導體,54.4,37.0775,46.719708718225334,1,1,1,1,1,1,0,6,入選,4.888980261011183,137.2,7.780502031954663,0.03508144821512662
227,8271,宇瞻,半導體,106.0,72.14208333333333,46.93226907549339,2,1,1,1,1,1,1,8,入選,4.911448797701191,158.6,8.26368236844786,0.9452491516033843
228,8155,博智,電子,214.5,145.44875,47.47462594212739,1,1,1,1,1,1,1,7,入選,4.074412067892541,171.4,10.944750999801544,0.9594462697283941
229,2467,志聖,電子,266.5,178.68125,49.14827381160586,1,1,1,1,0,1,1,6,入選,4.702148184752314,213.6,5.422738558885463,0.7639716757778261
230,3044,健鼎,電子,407.0,267.9270833333333,51.907002060573085,1,1,1,1,1,1,1,7,入選,5.112272991835054,199.0,7.40597663220944,0.8599186913526353
231,1519,華城,傳統產業,947.0,620.4020833333333,52.64294325252777,0,1,1,1,1,1,1,6,入選,1.7500649954359253,161.4,6.974638920626267,0.8430526080228853
232,8103,瀚荃,電子,90.7,59.04541666666667,53.61056813610992,1,1,1,1,1,1,1,7,入選,4.438058694511001,22.6,5.128646443054883,0.9078947104314137
233,6285,啟碁,電子,196.0,122.20458333333333,60.386783092559945,0,1,1,1,1,1,1,6,入選,3.6541379282504494,145.0,5.428134971721758,0.8372425520213651
234,3028,增你強,其他,55.6,34.29708333333333,62.112910475866514,2,1,1,1,1,0,1,7,入選,7.468791576075155,163.4,2.68635647585257,1.1749215712633592
235,8210,勤誠,電子,955.0,582.8770833333333,63.842433903660364,0,1,1,1,1,2,1,7,入選,3.1007154059806816,12.6,11.012717449684427,0.9257999615718175
236,8150,南茂,電子,56.3,33.95458333333333,65.80972131891866,1,1,1,1,1,1,1,7,入選,5.5255810113232915,258.8,6.514782932738067,0.9069079332156462
237,3653,健策,電子,3140.0,1835.7333333333333,71.04880883207437,0,2,1,1,1,1,1,7,入選,1.5321476217569259,5.0,10.185362404635537,0.9780784761265385
238,3017,奇鋐,電子,1635.0,951.6979166666666,71.79821152983156,0,1,1,1,1,1,1,6,入選,2.1732374562263246,46.4,5.580656775374442,0.9793383132767272
239,6274,台燿,電子,505.0,289.21666666666664,74.60957759465224,1,1,1,1,1,1,1,7,入選,4.647324590297896,176.2,8.513293952725272,0.9639616175178739
240,3264,欣銓,半導體,154.5,85.76749999999998,80.1381642230449,1,1,1,1,1,2,1,8,入選,4.770563341271846,219.4,8.256590115363128,0.9864193847705802
241,2308,台達電,電子,1215.0,672.80625,80.58690744920995,0,1,1,1,1,2,1,7,入選,2.101238636096645,130.4,8.24969921375676,0.8934488100045026
242,8131,福懋科,電子,66.8,35.62645833333333,87.50109644634429,1,1,1,1,1,1,1,7,入選,5.418907598027793,390.6,9.797259677345455,0.7933024378312281
243,2449,京元電子,電子,293.5,152.49916666666667,92.46006808780376,1,1,1,1,1,1,1,7,入選,4.744894786304857,45.2,6.9101121504153635,1.0053954902358195
244,5274,信驊,半導體,9790.0,5055.604166666667,93.64648966287412,0,1,1,1,1,2,1,7,入選,1.1825549318222686,47.6,27.734120260930773,0.9646628536202064
245,6223,旺矽,半導體,2845.0,1368.0520833333333,107.95991867999666,0,2,1,1,1,1,1,7,入選,3.0382024181285887,0.2,7.862483466022186,0.9347100535614075
246,8996,高力,傳統產業,817.0,381.8020833333333,113.98521267017708,0,2,1,1,1,1,1,7,入選,1.7877233174089777,4.4,6.838947008218739,1.0008331575509675
247,8074,鉅橡,電子,65.0,30.262708333333332,114.78579935426576,2,1,1,1,1,1,1,8,入選,5.030326770174045,207.6,5.010679485418254,0.9378362767982203
248,5289,宜鼎,電子,787.0,351.87916666666666,123.65632141715315,1,1,1,1,1,2,1,8,入選,4.15300520972092,91.8,16.014229869981257,0.952033666301792
249,3485,敘豐,電子,184.5,80.83583333333334,128.24036370009173,2,1,1,1,1,1,1,8,入選,6.924937010549529,164.2,7.048551257990271,0.8425123384367007
250,2313,華通,電子,181.5,77.28291666666668,134.85138479288756,0,1,1,1,1,1,1,6,入選,3.8099445757062815,34.4,6.379246733343775,0.9858467044818895
251,3491,昇達科,電子,1280.0,465.84791666666666,174.7677845505731,0,1,1,1,1,2,1,7,入選,2.4069770341782366,10.0,9.415300922614232,0.7467773349965606
