代號,名稱,產業,目前股價,MA240,240MA乖離率,配息頻率,指標1得分(殖利率),指標2得分(填息),指標3得分(連續配息),指標4得分(上市時間),指標5得分(連續獲利),指標6得分(ROA),指標7得分(本業佔比),總分,評級,原始評級,5年平均殖利率,5年平均填息天數,10年平均ROA,平均本業佔比,近3月營收YoY,最新月MoM,備註
3526,凡甲,電子,276.5,284.5058333333333,-2.813943475089847,年配,2,2,1,1,1,2,1,10.0,精選,精選,5.854202913264526,15.0,14.85779901775891,0.9154092257092455,19.034082301356104,82.2704037428522,營運動能復甦中
1582,信錦,電子,71.7,78.74041666666668,-8.941299734888378,年配,1,1,1,1,1,1,1,7.0,入選,入選,5.625473546094317,133.33333333333334,7.289134856005352,0.8111287821331569,-5.687756323977011,34.57611919707526,營運動能復甦中
3515,華擎,電子,219.0,234.70625,-6.6918754826511915,年配,1,1,1,1,1,1,1,7.0,入選,入選,4.89645830721695,46.166666666666664,8.47699464793714,0.9207340056608337,27.77607667669324,173.79195564492616,營運動能復甦中
5234,達興材料,電子,336.5,360.37291666666664,-6.624503552454337,年配,0,1,1,1,1,2,1,7.0,入選,入選,3.942151270416683,36.2,13.62586423104383,0.9587133377182425,8.610744444243522,15.725366870582324,
3413,京鼎,半導體,288.5,306.31875,-5.8170614759951915,年配,1,1,1,1,1,2,1,8.0,入選,入選,4.334406389700818,29.5,12.31880120055186,0.942462738138109,14.215244638373203,22.7592408974566,營運動能復甦中
6411,晶焱,半導體,78.7,82.7225,-4.862643174468849,年配,0,1,1,1,1,1,1,6.0,入選,入選,3.7856902198909546,12.0,11.448154592981952,0.7929204628039347,12.834338503187293,1.3406786999298204,
4953,緯軟,電子,118.0,123.01875,-4.079662653050853,年配,1,1,1,0,1,1,1,6.0,入選,入選,4.517733582894425,49.5,10.470728954345953,0.9264822667656306,28.66443802341476,16.05586427661747,
4536,拓凱,零售百貨,158.0,164.01875,-3.669549975231497,半年配,1,1,1,1,1,2,1,8.0,入選,入選,4.7165538569798295,43.833333333333336,9.697880170436628,0.8637772649488016,-3.5273685845348846,52.26400094117982,營運動能復甦中
6177,達麗,傳統產業,45.9,47.380208333333336,-3.124106848411572,年配,1,1,1,1,1,0,1,6.0,入選,入選,6.149385952287458,45.4,3.940194661669841,0.9952722095838892,724.5531466543658,-65.07344536871888,ROA 偏低，注意營運效率
5410,國眾,電子,33.45,34.49166666666667,-3.0200531529354846,年配,2,1,1,1,1,1,1,8.0,入選,入選,6.342518556940959,58.833333333333336,6.662205367536309,0.8246156692650789,20.902337255510915,103.57907016892227,營運動能復甦中
4417,金洲,傳統產業,48.55,49.646875,-2.209353559514077,年配,2,1,1,1,1,2,1,9.0,入選,優選,6.276062035904345,138.0,8.434202424693002,0.9485016583932208,-15.68939843853644,50.986437797178,營收衰退降評
3019,亞光,電子,138.0,140.9625,-2.1016227720138376,年配,0,1,1,1,1,1,1,6.0,入選,入選,3.5809181678213675,13.8,6.24148555622657,0.8594846033428697,14.795371380852407,30.222615810349286,營運動能復甦中
8464,億豐,零售百貨,365.5,370.15833333333336,-1.2584704743465704,年配,0,1,1,1,1,2,1,7.0,入選,入選,3.3765700559938066,34.5,20.216495295354218,0.9259489468860622,0.44846681027981283,40.28461770457354,營運動能復甦中
3025,星通,電子,58.5,59.218125,-1.212677706361018,年配,1,1,1,1,1,1,1,7.0,入選,入選,4.139887660546282,46.333333333333336,7.914558457320835,0.7256535720161985,40.44042567674888,29.632957960066285,
1733,五鼎,生技醫療,30.55,30.564375000000002,-0.04703187943480322,年配,1,1,1,1,1,0,1,6.0,入選,入選,4.259244685508838,46.666666666666664,4.626759835018254,0.9156502257610235,-6.985197394913312,-20.699016709763907,ROA 偏低，注意營運效率
