排行,股票代號,股票名稱,產業別,股價,投資組別,MA240乖離%,現金殖利率(5年均)%,盈餘發放率%,殖利率趨勢,連續配息年,填息均天數,連續獲利年,ROA(10年均)%,ROA趨勢,本業佔比,融資維持率%,預估進場價,融資追繳警戒價,通過條件數,C1>4%,C2填息,C3連配,C4上市,C5連獲,C6_ROA,C7本業,C8發放
1,8436,大江,生技醫療業,104.5,價值,-12.81,6.84,76.7,上升,11,45.3,12,12.97,下降,89.7,152.2,142.99,89.25,8,Y,Y,Y,Y,Y,Y,Y,Y
2,9927,泰銘,其他,62.1,價值,-7.28,6.65,90.5,上升,10,61.2,12,10.48,下降,93.3,149.6,82.6,53.95,8,Y,Y,Y,Y,Y,Y,Y,Y
3,1476,儒鴻,紡織纖維,278.5,價值,-23.48,5.12,70.0,上升,11,32.0,12,18.27,下降,98.8,147.0,285.0,246.22,8,Y,Y,Y,Y,Y,Y,Y,Y
4,5519,隆大,建材營造,24.8,價值,-19.68,9.68,69.0,上升,11,89.7,12,5.63,上升,95.1,151.4,48.0,21.3,8,Y,Y,Y,Y,Y,Y,Y,Y
5,4974,亞泰,電子零組件業,71.1,價值,-1.09,6.36,73.1,上升,11,75.7,12,10.92,下降,90.4,170.4,90.5,54.26,8,Y,Y,Y,Y,Y,Y,Y,Y
6,9911,櫻花,居家生活,81.3,價值,-3.28,4.94,79.0,上升,11,42.2,12,12.46,下降,88.9,164.6,80.27,64.2,8,Y,Y,Y,Y,Y,Y,Y,Y
7,4536,拓凱,運動休閒,160.5,價值,-2.31,5.14,57.2,上升,11,40.5,12,9.83,上升,88.1,161.1,165.0,129.52,8,Y,Y,Y,Y,Y,Y,Y,Y
8,4107,邦特,生技醫療業,110.5,價值,-6.74,4.22,66.3,上升,11,23.0,12,12.85,下降,97.8,161.6,93.33,88.88,8,Y,Y,Y,Y,Y,Y,Y,Y
9,6469,大樹,生技醫療業,63.3,價值,-25.1,4.82,55.5,連續上升,11,9.8,12,5.98,下降,87.4,149.7,61.03,54.97,8,Y,Y,Y,Y,Y,Y,Y,Y
10,3118,進階,生技醫療業,31.2,價值,-4.86,5.82,90.2,上升,11,109.8,12,7.98,上升,92.8,164.2,36.33,24.7,8,Y,Y,Y,Y,Y,Y,Y,Y
11,9930,中聯資源,綠能環保,59.4,價值,-12.66,5.05,81.7,上升,11,72.5,12,8.25,連續上升,99.4,158.4,60.0,48.74,8,Y,Y,Y,Y,Y,Y,Y,Y
12,9917,中保科,其他,106.5,價值,-2.77,4.85,86.3,下降,11,103.8,12,9.71,下降,102.0,164.6,103.4,84.09,8,Y,Y,Y,Y,Y,Y,Y,Y
13,6177,達麗,建材營造,45.3,價值,-4.4,5.96,62.8,下降,5,75.8,12,3.94,下降,114.6,159.0,54.0,37.03,8,Y,Y,Y,Y,Y,Y,Y,Y
14,1225,福懋油,食品工業,24.35,價值,-16.34,4.96,68.9,連續下降,10,63.7,12,5.09,下降,98.8,160.7,24.16,19.7,8,Y,Y,Y,Y,Y,Y,Y,Y
15,2377,微星,電腦及週邊設備業,155.0,強勢,32.25,4.06,59.6,下降,11,45.2,12,10.32,連續下降,93.3,172.3,126.0,116.98,8,Y,Y,Y,Y,Y,Y,Y,Y
16,9926,新海,油電燃氣業,48.85,價值,-1.47,4.06,77.8,上升,11,80.5,12,5.97,連續下降,85.8,165.1,39.67,38.47,8,Y,Y,Y,Y,Y,Y,Y,Y
17,6245,立端,通信網路業,89.1,強勢,16.41,4.19,64.3,下降,11,61.8,12,9.11,下降,88.6,180.0,74.59,64.35,8,Y,Y,Y,Y,Y,Y,Y,Y
18,2420,新巨,電子零組件業,57.7,強勢,6.17,5.36,81.2,上升,11,90.3,12,9.47,上升,86.2,172.2,61.83,43.56,8,Y,Y,Y,Y,Y,Y,Y,Y
19,2488,漢平,電子工業,48.95,強勢,0.63,4.83,64.8,上升,11,90.0,12,8.8,上升,81.0,166.6,47.33,38.18,8,Y,Y,Y,Y,Y,Y,Y,Y
20,3537,堡達,電子零組件業,56.0,強勢,5.06,4.4,74.7,下降,11,103.0,12,8.8,下降,101.2,170.1,49.33,42.79,8,Y,Y,Y,Y,Y,Y,Y,Y
21,2414,精技,電子工業,53.1,強勢,11.33,4.65,87.2,上升,11,128.2,12,5.2,下降,99.3,161.9,49.33,42.65,8,Y,Y,Y,Y,Y,Y,Y,Y
1,8436,大江,生技醫療業,104.5,價值,-12.81,6.84,76.7,上升,11,45.3,12,12.97,下降,89.7,152.2,142.99,89.25,8,Y,Y,Y,Y,Y,Y,Y,Y
2,9927,泰銘,其他,62.1,價值,-7.28,6.65,90.5,上升,10,61.2,12,10.48,下降,93.3,149.6,82.6,53.95,8,Y,Y,Y,Y,Y,Y,Y,Y
3,1476,儒鴻,紡織纖維,278.5,價值,-23.48,5.12,70.0,上升,11,32.0,12,18.27,下降,98.8,147.0,285.0,246.22,8,Y,Y,Y,Y,Y,Y,Y,Y
4,5519,隆大,建材營造,24.8,價值,-19.68,9.68,69.0,上升,11,89.7,12,5.63,上升,95.1,151.4,48.0,21.3,8,Y,Y,Y,Y,Y,Y,Y,Y
5,4974,亞泰,電子零組件業,71.1,價值,-1.09,6.36,73.1,上升,11,75.7,12,10.92,下降,90.4,170.4,90.5,54.26,8,Y,Y,Y,Y,Y,Y,Y,Y
6,9911,櫻花,居家生活,81.3,價值,-3.28,4.94,79.0,上升,11,42.2,12,12.46,下降,88.9,164.6,80.27,64.2,8,Y,Y,Y,Y,Y,Y,Y,Y
7,4536,拓凱,運動休閒,160.5,價值,-2.31,5.14,57.2,上升,11,40.5,12,9.83,上升,88.1,161.1,165.0,129.52,8,Y,Y,Y,Y,Y,Y,Y,Y
8,4107,邦特,生技醫療業,110.5,價值,-6.74,4.22,66.3,上升,11,23.0,12,12.85,下降,97.8,161.6,93.33,88.88,8,Y,Y,Y,Y,Y,Y,Y,Y
9,6469,大樹,生技醫療業,63.3,價值,-25.1,4.82,55.5,連續上升,11,9.8,12,5.98,下降,87.4,149.7,61.03,54.97,8,Y,Y,Y,Y,Y,Y,Y,Y
10,3118,進階,生技醫療業,31.2,價值,-4.86,5.82,90.2,上升,11,109.8,12,7.98,上升,92.8,164.2,36.33,24.7,8,Y,Y,Y,Y,Y,Y,Y,Y
11,9930,中聯資源,綠能環保,59.4,價值,-12.66,5.05,81.7,上升,11,72.5,12,8.25,連續上升,99.4,158.4,60.0,48.74,8,Y,Y,Y,Y,Y,Y,Y,Y
12,9917,中保科,其他,106.5,價值,-2.77,4.85,86.3,下降,11,103.8,12,9.71,下降,102.0,164.6,103.4,84.09,8,Y,Y,Y,Y,Y,Y,Y,Y
13,6177,達麗,建材營造,45.3,價值,-4.4,5.96,62.8,下降,5,75.8,12,3.94,下降,114.6,159.0,54.0,37.03,8,Y,Y,Y,Y,Y,Y,Y,Y
14,1225,福懋油,食品工業,24.35,價值,-16.34,4.96,68.9,連續下降,10,63.7,12,5.09,下降,98.8,160.7,24.16,19.7,8,Y,Y,Y,Y,Y,Y,Y,Y
15,2377,微星,電腦及週邊設備業,155.0,強勢,32.25,4.06,59.6,下降,11,45.2,12,10.32,連續下降,93.3,172.3,126.0,116.98,8,Y,Y,Y,Y,Y,Y,Y,Y
16,9926,新海,油電燃氣業,48.85,價值,-1.47,4.06,77.8,上升,11,80.5,12,5.97,連續下降,85.8,165.1,39.67,38.47,8,Y,Y,Y,Y,Y,Y,Y,Y
17,6245,立端,通信網路業,89.1,強勢,16.41,4.19,64.3,下降,11,61.8,12,9.11,下降,88.6,180.0,74.59,64.35,8,Y,Y,Y,Y,Y,Y,Y,Y
18,2420,新巨,電子零組件業,57.7,強勢,6.17,5.36,81.2,上升,11,90.3,12,9.47,上升,86.2,172.2,61.83,43.56,8,Y,Y,Y,Y,Y,Y,Y,Y
19,2488,漢平,電子工業,48.95,強勢,0.63,4.83,64.8,上升,11,90.0,12,8.8,上升,81.0,166.6,47.33,38.18,8,Y,Y,Y,Y,Y,Y,Y,Y
20,3537,堡達,電子零組件業,56.0,強勢,5.06,4.4,74.7,下降,11,103.0,12,8.8,下降,101.2,170.1,49.33,42.79,8,Y,Y,Y,Y,Y,Y,Y,Y
21,2414,精技,電子工業,53.1,強勢,11.33,4.65,87.2,上升,11,128.2,12,5.2,下降,99.3,161.9,49.33,42.65,8,Y,Y,Y,Y,Y,Y,Y,Y
22,1565,精華,生技醫療業,96.7,價值,-10.14,11.79,71.3,上升,10,16.3,12,13.42,下降,97.2,168.6,228.0,74.57,7,Y,N,Y,Y,Y,Y,Y,Y
23,5508,永信建,建材營造,53.0,價值,-9.8,14.52,90.1,上升,11,14.2,13,10.42,下降,101.0,166.1,153.96,41.49,7,Y,N,Y,Y,Y,Y,Y,Y
24,6523,達爾膚,生技醫療業,89.0,價值,-16.61,9.03,85.0,下降,7,35.4,12,17.17,上升,91.1,164.8,160.73,70.21,7,Y,N,Y,Y,Y,Y,Y,Y
25,8341,日友,綠能環保,73.8,價值,-5.06,7.75,93.0,上升,11,18.8,13,12.89,下降,101.1,162.6,114.33,59.0,7,Y,N,Y,Y,Y,Y,Y,Y
26,1707,葡萄王,化學生技醫療,84.6,價值,-23.52,7.29,65.8,上升,11,25.8,12,16.15,下降,95.2,157.5,123.33,69.81,7,Y,N,Y,Y,Y,Y,Y,Y
27,8422,可寧衛*,綠能環保,25.3,價值,-48.86,26.32,74.4,下降,11,104.4,12,15.01,下降,98.9,160.8,133.17,20.45,7,Y,N,Y,Y,Y,Y,Y,Y
28,4137,麗豐-KY,生技醫療業,75.8,價值,-24.32,11.35,86.3,上升,11,55.5,12,11.99,下降,91.9,145.0,172.06,67.98,7,Y,N,Y,Y,Y,Y,Y,Y
29,1580,新麥,電機機械,95.8,價值,-22.92,8.08,78.1,下降,11,45.3,12,14.92,上升,96.2,149.7,154.84,83.17,7,Y,N,Y,Y,Y,Y,Y,Y
30,3293,鈊象,文化創意業,794.0,強勢,7.29,4.76,85.3,下降,11,11.5,12,36.18,上升,96.4,179.9,756.67,573.86,7,Y,N,Y,Y,Y,Y,Y,Y
31,1109,信大,水泥工業,13.2,價值,-11.29,8.59,65.2,下降,11,21.5,12,7.97,下降,133.9,161.5,22.68,10.63,7,Y,N,Y,Y,Y,Y,Y,Y
32,5287,數字,數位雲端類,137.5,價值,-13.33,8.38,87.8,上升,11,66.8,12,21.14,上升,94.0,159.4,230.53,112.14,7,Y,N,Y,Y,Y,Y,Y,Y
33,9910,豐泰,運動休閒,66.7,價值,-25.48,7.25,78.8,上升,11,38.6,12,14.5,下降,89.2,161.6,96.67,53.64,7,Y,N,Y,Y,Y,Y,Y,Y
34,9802,鈺齊-KY,運動休閒,64.2,價值,-25.06,7.34,60.7,上升,11,11.7,12,8.43,下降,92.9,152.3,94.2,54.8,7,Y,N,Y,Y,Y,Y,Y,Y
35,5609,中菲行,航運業,77.7,價值,-1.82,9.2,67.9,上升,11,71.0,12,13.12,下降,93.5,165.1,143.04,61.19,7,Y,N,Y,Y,Y,Y,Y,Y
36,9951,皇田,電機機械,46.5,價值,-14.43,7.27,61.3,下降,11,27.5,12,9.36,下降,93.1,150.2,67.57,40.24,7,Y,N,Y,Y,Y,Y,Y,Y
37,3056,富華新,建材營造,13.6,價值,-14.43,15.96,52.9,下降,11,46.8,12,6.17,下降,96.5,160.5,43.42,11.02,7,Y,N,Y,Y,Y,Y,Y,Y
38,1442,名軒,建材營造,26.1,價值,-11.63,8.75,98.7,上升,11,14.8,12,5.4,上升,88.9,147.3,45.67,23.03,7,Y,N,Y,Y,Y,Y,Y,Y
39,4552,力達-KY,電機機械,15.6,價值,-25.2,7.06,46.3,上升,9,17.8,12,7.75,下降,99.2,150.6,22.04,13.47,7,Y,N,Y,Y,Y,Y,Y,Y
40,2385,群光,電子零組件業,105.0,價值,-11.36,7.0,74.8,上升,11,23.7,12,8.74,下降,86.1,165.9,147.0,82.29,7,Y,N,Y,Y,Y,Y,Y,Y
41,6146,耕興,其他電子類,181.0,價值,-3.71,5.93,90.9,上升,11,28.4,12,17.28,下降,97.3,160.5,214.67,146.62,7,Y,N,Y,Y,Y,Y,Y,Y
42,3567,逸昌,半導體業,26.0,價值,-3.26,7.82,89.8,上升,11,82.0,12,12.2,下降,94.7,166.3,40.67,20.33,7,Y,N,Y,Y,Y,Y,Y,Y
43,9938,百和,其他,37.9,價值,-20.94,7.04,57.5,上升,11,13.2,12,6.38,下降,115.7,149.7,53.33,32.92,7,Y,Y,Y,Y,Y,Y,N,Y
44,1537,廣隆,電機機械,113.5,價值,-8.17,7.59,92.1,上升,11,143.8,12,15.39,下降,93.3,156.0,172.33,94.56,7,Y,N,Y,Y,Y,Y,Y,Y
45,2643,捷迅,航運業,62.6,價值,-7.77,7.99,60.1,上升,11,96.6,13,11.15,下降,98.8,169.1,100.0,48.14,7,Y,N,Y,Y,Y,Y,Y,Y
46,4935,茂林-KY,電子工業,33.75,價值,-11.41,9.48,56.8,下降,11,51.8,12,5.82,下降,81.5,164.6,64.0,26.66,7,Y,Y,Y,Y,Y,Y,N,Y
47,3217,優群,電子零組件業,129.0,價值,-20.22,5.4,78.5,上升,11,24.2,12,14.46,上升,87.2,154.4,139.21,108.65,7,Y,N,Y,Y,Y,Y,Y,Y
48,3611,鼎翰,電腦及週邊設備業,182.5,價值,-5.56,6.11,60.5,上升,11,36.8,12,10.64,下降,97.1,163.6,223.17,145.0,7,Y,N,Y,Y,Y,Y,Y,Y
49,3533,嘉澤,電子零組件業,1875.0,強勢,3.72,1.39,48.7,上升,11,4.5,12,14.84,上升,90.5,175.9,522.73,1385.8,7,N,Y,Y,Y,Y,Y,Y,Y
50,8279,生展,生技醫療業,80.1,價值,-24.83,5.72,47.9,下降,11,24.0,13,10.4,下降,96.7,159.2,91.67,65.41,7,Y,N,Y,Y,Y,Y,Y,Y
51,9924,福興,居家生活,37.9,價值,-16.34,7.26,65.4,上升,11,65.8,12,9.08,下降,91.0,163.1,55.0,30.21,7,Y,N,Y,Y,Y,Y,Y,Y
52,2916,滿心,居家生活類,40.5,價值,-10.26,7.37,89.2,上升,11,83.8,12,9.75,上升,79.5,167.8,59.67,31.37,7,Y,N,Y,Y,Y,Y,Y,Y
53,8435,鉅邁,其他,53.2,價值,-1.96,7.14,92.9,上升,11,157.3,12,12.47,下降,94.6,166.9,76.0,41.44,7,Y,N,Y,Y,Y,Y,Y,Y
54,8016,矽創,電子工業,293.5,強勢,23.05,5.51,72.6,上升,11,21.8,12,17.18,連續下降,91.9,167.8,323.33,227.39,7,Y,N,Y,Y,Y,Y,Y,Y
55,6201,亞弘電,電子工業,44.05,價值,-13.84,7.57,85.4,上升,11,90.8,13,8.9,上升,86.1,159.4,66.67,35.93,7,Y,N,Y,Y,Y,Y,Y,Y
56,3501,維熹,電子零組件業,37.8,價值,-17.09,7.72,67.1,上升,11,63.0,12,6.85,下降,86.0,160.2,58.33,30.67,7,Y,N,Y,Y,Y,Y,Y,Y
57,1436,華友聯,建材營造,35.6,價值,-31.06,14.62,76.3,上升,10,81.4,10,4.68,上升,111.2,154.9,104.09,29.88,7,Y,N,Y,Y,Y,Y,Y,Y
58,4747,強生,生技醫療業,22.85,價值,-57.97,7.05,86.7,下降,11,29.5,12,5.53,下降,98.3,94.9,32.23,31.3,7,Y,N,Y,Y,Y,Y,Y,Y
59,3218,大學光,生技醫療業,133.5,價值,-4.07,4.68,61.0,上升,11,14.6,12,13.84,上升,97.7,162.6,124.83,106.74,7,Y,N,Y,Y,Y,Y,Y,Y
60,6281,全國電,電子工業,50.7,價值,-10.86,8.81,86.4,下降,11,132.5,12,6.95,連續下降,97.9,164.3,89.33,40.1,7,Y,N,Y,Y,Y,Y,Y,Y
61,2496,卓越,其他,54.8,價值,-15.13,7.56,84.1,下降,8,78.5,10,7.72,上升,96.1,159.7,82.91,44.6,7,Y,N,Y,Y,Y,Y,Y,Y
62,6470,宇智,通信網路業,42.6,價值,-7.31,7.04,69.6,下降,11,88.8,12,9.12,上升,99.1,163.1,59.97,33.96,7,Y,Y,Y,Y,Y,Y,N,Y
63,6242,立康,生技醫療業,33.85,價值,-9.53,6.3,68.8,下降,11,92.3,11,12.6,下降,83.1,163.6,42.67,26.9,7,Y,N,Y,Y,Y,Y,Y,Y
64,5534,長虹,建材營造,71.8,價值,-8.16,7.19,75.5,上升,11,69.7,12,7.75,上升,91.6,155.2,103.25,60.14,7,Y,N,Y,Y,Y,Y,Y,Y
65,4138,曜亞,生技醫療業,53.5,價值,-7.28,7.93,89.8,下降,11,76.2,12,6.38,下降,94.9,170.9,84.83,40.69,7,Y,N,Y,Y,Y,Y,Y,Y
66,3130,一零四,數位雲端,209.0,價值,-4.74,5.97,100.0,上升,11,77.5,12,12.98,下降,93.7,167.3,249.42,162.43,7,Y,N,Y,Y,Y,Y,Y,Y
67,5522,遠雄,建材營造,60.1,價值,-9.18,7.24,71.5,下降,11,22.5,12,4.16,下降,102.8,157.2,87.0,49.7,7,Y,N,Y,Y,Y,Y,Y,Y
68,4126,太醫,生技醫療業,77.6,價值,-4.87,5.84,86.4,下降,11,47.5,12,9.62,下降,90.6,166.9,90.67,60.43,7,Y,N,Y,Y,Y,Y,Y,Y
69,2904,匯僑,其他,12.55,價值,-19.2,7.64,70.5,下降,11,86.7,12,7.03,下降,89.4,160.5,19.17,10.16,7,Y,N,Y,Y,Y,Y,Y,Y
70,6138,茂達,半導體業,287.5,強勢,8.8,2.74,77.1,上升,11,14.8,13,14.98,下降,92.7,164.5,157.81,227.22,7,N,Y,Y,Y,Y,Y,Y,Y
71,8424,惠普,建材營造,70.3,價值,-2.56,6.31,93.8,下降,11,173.0,12,13.64,上升,95.2,169.8,88.67,53.81,7,Y,N,Y,Y,Y,Y,Y,Y
72,9940,信義,其他,19.9,價值,-5.01,8.12,76.4,上升,11,65.5,12,5.26,下降,85.2,162.6,32.33,15.91,7,Y,N,Y,Y,Y,Y,Y,Y
73,5212,凌網,資訊服務業,49.0,價值,-0.98,6.34,90.7,上升,11,89.8,12,10.36,上升,106.3,173.1,62.17,36.8,7,Y,N,Y,Y,Y,Y,Y,Y
74,8083,瑞穎,電機機械,158.0,價值,-2.98,5.57,90.6,上升,11,91.2,13,19.13,上升,98.5,166.9,176.0,123.05,7,Y,N,Y,Y,Y,Y,Y,Y
75,6412,群電,電子零組件業,75.1,價值,-12.87,6.84,72.0,上升,11,97.8,13,8.63,下降,91.2,160.3,102.67,60.91,7,Y,N,Y,Y,Y,Y,Y,Y
76,3546,宇峻,文化創意業,72.2,價值,-4.39,5.72,80.8,下降,10,98.0,10,13.29,下降,88.6,165.1,82.6,56.84,7,Y,N,Y,Y,Y,Y,Y,Y
77,6486,互動,通信網路業,78.0,價值,-3.31,6.67,85.8,下降,11,122.2,13,8.76,下降,96.8,166.6,104.1,60.86,7,Y,N,Y,Y,Y,Y,Y,Y
78,6411,晶焱,半導體業,78.7,價值,-4.83,4.79,66.8,上升,11,26.8,12,11.59,連續下降,89.7,165.3,75.41,61.9,7,Y,Y,Y,Y,Y,Y,N,Y
79,3443,創意,電子工業,8600.0,強勢,137.28,0.15,63.4,上升,11,2.7,13,12.73,上升,95.0,258.0,253.33,4332.58,7,N,Y,Y,Y,Y,Y,Y,Y
80,2608,嘉里大榮,航運業,28.7,價值,-7.49,6.32,66.4,上升,11,60.0,12,7.1,下降,94.8,165.8,36.27,22.5,7,Y,N,Y,Y,Y,Y,Y,Y
81,1730,花仙子,化學生技醫療,51.1,價值,-2.55,6.09,72.8,下降,11,186.0,12,11.62,上升,85.6,165.8,62.2,40.07,7,Y,N,Y,Y,Y,Y,Y,Y
82,6248,沛波,鋼鐵工業,17.15,價值,-10.38,8.97,64.3,上升,7,148.3,12,5.09,上升,131.4,164.1,30.78,13.59,7,Y,N,Y,Y,Y,Y,Y,Y
83,1264,德麥,食品工業,246.5,價值,-9.96,5.38,73.3,上升,11,94.5,12,16.74,下降,99.1,162.0,265.0,197.76,7,Y,N,Y,Y,Y,Y,Y,Y
84,4417,金洲,紡織纖維,49.2,價值,-0.91,5.35,61.5,下降,11,40.8,12,8.46,上升,92.5,176.2,52.67,36.29,7,Y,N,Y,Y,Y,Y,Y,Y
85,5410,國眾,資訊服務業,32.9,價值,-4.61,5.91,87.7,下降,11,44.8,12,6.28,下降,81.2,154.5,38.88,27.68,7,Y,N,Y,Y,Y,Y,Y,Y
86,9942,茂順,其他,113.0,價值,-0.36,5.28,77.5,上升,11,80.8,12,12.6,上升,95.3,161.8,119.33,90.79,7,Y,N,Y,Y,Y,Y,Y,Y
87,5213,亞昕,建材營造,20.15,價值,-16.0,7.63,93.9,下降,6,24.4,12,1.7,上升,123.9,158.3,30.76,16.55,7,Y,Y,Y,Y,Y,N,Y,Y
88,3529,力旺,半導體業,3155.0,強勢,22.43,0.52,84.9,上升,11,8.5,13,34.41,上升,95.5,201.7,329.98,2033.72,7,N,Y,Y,Y,Y,Y,Y,Y
89,6223,旺矽,半導體業,5520.0,強勢,33.66,0.18,57.7,下降,11,1.5,12,8.97,上升,93.3,162.5,203.28,4414.67,7,N,Y,Y,Y,Y,Y,Y,Y
90,6803,崑鼎,綠能環保類,265.5,價值,-7.43,5.14,88.4,上升,11,78.0,12,11.78,上升,93.2,164.1,273.04,210.29,7,Y,N,Y,Y,Y,Y,Y,Y
91,1612,宏泰,電器電纜,35.0,價值,-1.39,5.76,86.5,上升,11,84.3,12,8.66,下降,32.4,174.0,40.33,26.15,7,Y,Y,Y,Y,Y,Y,N,Y
92,5007,三星,鋼鐵工業,55.8,價值,-0.19,4.95,87.7,上升,11,66.2,12,12.0,下降,93.6,165.7,55.2,43.78,7,Y,N,Y,Y,Y,Y,Y,Y
93,3131,弘塑,其他電子類,2530.0,強勢,9.25,0.86,79.0,下降,11,6.3,12,9.29,下降,95.7,165.5,433.61,1987.31,7,N,Y,Y,Y,Y,Y,Y,Y
94,1227,佳格,食品工業,27.75,價值,-6.45,5.81,84.0,下降,11,130.5,12,9.06,下降,91.5,160.1,32.27,22.53,7,Y,N,Y,Y,Y,Y,Y,Y
95,2330,台積電,電子工業,2575.0,強勢,28.94,0.56,41.1,下降,11,9.1,12,19.07,上升,96.0,178.4,286.66,1876.88,7,N,Y,Y,Y,Y,Y,Y,Y
96,1788,杏昌,生技醫療業,128.0,價值,-4.66,5.44,81.9,上升,11,61.3,12,8.12,下降,94.0,165.1,139.24,100.81,7,Y,N,Y,Y,Y,Y,Y,Y
97,4535,至興,電機機械,26.9,價值,-4.39,5.14,63.8,上升,11,41.0,12,7.3,下降,92.8,160.6,27.67,21.78,7,Y,N,Y,Y,Y,Y,Y,Y
98,4105,東洋,生技醫療業,78.3,價值,-0.43,4.81,82.5,上升,11,66.8,12,12.58,上升,77.8,168.4,75.33,60.45,7,Y,N,Y,Y,Y,Y,Y,Y
99,4908,前鼎,通信網路業,234.5,強勢,67.66,0.79,76.9,下降,11,6.5,12,9.27,下降,93.1,216.1,36.83,141.08,7,N,Y,Y,Y,Y,Y,Y,Y
100,3570,大塚,資訊服務業,169.5,價值,-1.12,4.46,69.0,下降,11,60.8,12,13.65,上升,98.1,171.4,151.33,128.56,7,Y,N,Y,Y,Y,Y,Y,Y
101,8930,青鋼,鋼鐵工業,28.5,價值,-5.35,5.73,91.3,連續上升,10,68.6,10,6.69,上升,98.2,158.6,32.67,23.37,7,Y,N,Y,Y,Y,Y,Y,Y
102,4915,致伸,電子零組件業,63.7,價值,-12.97,5.96,70.3,上升,11,55.4,12,5.16,上升,87.1,168.5,75.91,49.13,7,Y,N,Y,Y,Y,Y,Y,Y
103,5403,中菲,資訊服務業,92.5,價值,-10.4,5.32,67.6,上升,11,115.0,12,9.91,上升,89.4,165.4,98.36,72.69,7,Y,N,Y,Y,Y,Y,Y,Y
104,8401,白紗科,其他,22.7,價值,-11.86,5.8,69.2,上升,11,72.8,12,6.37,上升,107.2,165.7,26.32,17.81,7,Y,N,Y,Y,Y,Y,Y,Y
105,8416,實威,資訊服務業,169.5,價值,-2.29,4.67,71.4,下降,11,126.2,12,19.21,下降,93.5,167.1,158.33,131.83,7,Y,N,Y,Y,Y,Y,Y,Y
106,2066,世德,電機機械,52.4,價值,-4.44,4.75,66.6,上升,11,29.5,12,7.01,下降,86.4,152.5,49.81,44.67,7,Y,Y,Y,Y,Y,Y,N,Y
107,5478,智冠,文化創意業,97.1,價值,-3.48,6.47,85.6,下降,11,102.8,12,5.35,上升,83.7,164.3,125.67,76.84,7,Y,N,Y,Y,Y,Y,Y,Y
108,1720,生達,生技醫療業,55.8,價值,-7.5,4.27,55.4,上升,11,32.8,12,8.94,上升,86.5,161.6,47.67,44.88,7,Y,N,Y,Y,Y,Y,Y,Y
109,3413,京鼎,半導體業,295.0,價值,-3.74,3.74,52.9,上升,11,23.3,12,12.45,下降,94.0,162.7,220.57,235.74,7,N,Y,Y,Y,Y,Y,Y,Y
110,3684,榮昌,通信網路業,55.2,價值,-0.91,3.83,72.6,上升,11,9.7,12,8.72,下降,93.5,174.8,42.25,41.06,7,N,Y,Y,Y,Y,Y,Y,Y
111,6261,久元,半導體業,78.1,價值,-1.21,5.23,81.2,上升,11,65.0,12,7.05,下降,92.8,163.5,81.67,62.1,7,Y,N,Y,Y,Y,Y,Y,Y
112,8996,高力,電機機械,1595.0,強勢,68.85,0.18,73.8,下降,11,2.4,12,7.53,上升,106.0,219.9,57.53,942.92,7,N,Y,Y,Y,Y,Y,Y,Y
113,8464,億豐,居家生活,362.5,價值,-2.19,3.43,61.8,上升,11,30.7,12,20.29,下降,97.5,162.7,248.33,289.59,7,N,Y,Y,Y,Y,Y,Y,Y
114,8183,精星,其他電子類,28.2,價值,-12.96,4.64,37.3,連續上升,10,32.8,11,6.56,連續下降,90.5,156.1,26.18,23.48,7,Y,Y,Y,Y,Y,Y,N,Y
115,9939,宏全,其他,126.5,強勢,2.06,4.01,63.6,下降,11,17.2,12,5.6,上升,105.0,162.5,101.5,101.22,7,Y,N,Y,Y,Y,Y,Y,Y
116,3526,凡甲,電子零組件業,276.0,價值,-3.09,3.61,83.0,上升,11,34.7,13,15.03,下降,91.5,160.6,199.05,223.43,7,N,Y,Y,Y,Y,Y,Y,Y
117,1808,潤隆,建材營造,31.35,價值,-1.94,4.94,82.7,上升,11,25.2,12,4.93,下降,99.2,157.2,31.0,25.93,7,Y,N,Y,Y,Y,Y,Y,Y
118,6570,維田,電腦及週邊設備業,47.45,強勢,5.89,4.61,85.6,上升,11,24.3,11,7.81,下降,98.2,155.5,43.78,39.67,7,Y,Y,Y,N,Y,Y,Y,Y
119,3324,雙鴻,其他電子類,1550.0,強勢,48.61,0.5,44.5,下降,11,9.2,12,10.98,上升,88.8,223.0,154.5,903.72,7,N,Y,Y,Y,Y,Y,Y,Y
120,3653,健策,電子零組件業,7205.0,強勢,97.22,0.16,63.8,下降,11,8.7,12,12.22,上升,94.6,243.7,232.45,3843.26,7,N,Y,Y,Y,Y,Y,Y,Y
121,1712,興農,化學生技醫療,39.65,價值,-6.07,5.76,89.7,下降,11,112.8,12,5.83,上升,106.9,166.6,45.67,30.93,7,Y,N,Y,Y,Y,Y,Y,Y
122,4953,緯軟,資訊服務業,116.5,價值,-5.29,4.1,63.3,下降,11,51.5,13,10.19,下降,65.9,159.1,95.53,95.18,7,Y,Y,Y,N,Y,Y,Y,Y
123,4549,桓達,電機機械,98.8,價值,-5.31,3.91,76.3,下降,11,54.8,12,12.23,下降,88.7,170.2,77.29,75.48,7,N,Y,Y,Y,Y,Y,Y,Y
124,4205,中華食,食品工業,67.8,價值,-11.38,4.06,68.2,上升,11,97.7,12,15.52,下降,97.7,161.9,55.0,54.43,7,Y,N,Y,Y,Y,Y,Y,Y
125,1215,卜蜂,食品工業,104.0,價值,-20.52,4.49,67.6,下降,11,78.2,12,8.75,上升,95.3,160.1,93.33,84.42,7,Y,N,Y,Y,Y,Y,Y,Y
126,1723,中碳,化學生技醫療,80.1,強勢,1.13,4.46,74.7,上升,11,35.2,13,10.64,下降,87.9,158.2,71.5,65.84,7,Y,N,Y,Y,Y,Y,Y,Y
127,6266,泰詠,電子零組件業,27.0,價值,-1.93,4.91,63.1,上升,11,104.0,12,7.91,上升,92.1,180.1,26.53,19.49,7,Y,N,Y,Y,Y,Y,Y,Y
128,6435,大中,半導體業,276.5,強勢,41.85,1.8,61.2,上升,11,23.7,13,15.3,下降,88.4,176.6,99.34,203.53,7,N,Y,Y,Y,Y,Y,Y,Y
129,3515,華擎,電腦及週邊設備業,217.5,價值,-7.59,4.0,73.8,下降,11,40.5,12,8.55,下降,96.3,170.1,174.01,166.19,7,N,Y,Y,Y,Y,Y,Y,Y
130,1731,美吾華,生技醫療業,20.8,價值,-3.34,5.48,89.1,上升,11,81.2,12,5.01,下降,103.7,166.6,22.8,16.23,7,Y,N,Y,Y,Y,Y,Y,Y
131,6409,旭隼,其他電子業,891.0,價值,-5.25,3.76,86.4,上升,11,82.2,12,22.52,上升,98.7,153.2,669.52,755.92,7,N,Y,Y,Y,Y,Y,Y,Y
132,1615,大山,電器電纜,42.25,價值,-8.08,4.2,50.9,上升,11,89.0,12,10.83,上升,92.4,161.1,35.47,34.09,7,Y,N,Y,Y,Y,Y,Y,Y
133,2912,統一超,貿易百貨,211.0,價值,-6.69,4.12,88.2,上升,11,54.4,13,8.63,持平,79.3,157.6,174.03,174.01,7,Y,N,Y,Y,Y,Y,Y,Y
134,3014,聯陽,電子工業,146.5,強勢,13.54,4.84,79.6,上升,11,44.8,12,14.93,下降,97.8,184.2,141.67,103.37,7,Y,N,Y,Y,Y,Y,Y,Y
135,1210,大成,食品工業,51.6,價值,-2.81,4.44,62.2,下降,11,49.4,12,6.28,上升,93.5,159.7,45.84,42.01,7,Y,N,Y,Y,Y,Y,Y,Y
136,6192,巨路,電子工業,110.5,價值,-3.93,4.18,52.8,上升,11,65.6,12,8.9,下降,96.7,161.0,92.33,89.24,7,Y,N,Y,Y,Y,Y,Y,Y
137,3003,健和興,電子零組件業,59.8,強勢,8.29,2.42,47.7,上升,11,18.7,12,7.29,下降,95.2,160.7,29.0,48.37,7,N,Y,Y,Y,Y,Y,Y,Y
138,1256,鮮活果汁-KY,食品工業,168.0,強勢,2.11,4.9,56.0,上升,11,46.0,12,13.93,下降,96.3,157.2,164.67,138.97,7,Y,N,Y,Y,Y,Y,Y,Y
139,9921,巨大,運動休閒,89.1,強勢,3.4,6.51,66.5,下降,11,27.2,12,5.53,連續下降,92.6,159.2,116.06,72.75,7,Y,N,Y,Y,Y,Y,Y,Y
140,1726,永記,化學工業,76.1,價值,-0.59,4.66,67.6,下降,11,138.5,12,7.89,下降,93.1,164.0,71.0,60.33,7,Y,N,Y,Y,Y,Y,Y,Y
141,2029,盛餘,鋼鐵工業,21.8,強勢,3.97,5.49,68.3,上升,11,24.8,10,5.29,下降,213.1,170.9,23.93,16.59,7,Y,N,Y,Y,Y,Y,Y,Y
142,5511,德昌,建材營造,68.5,價值,-1.21,4.57,46.6,下降,11,58.4,12,5.87,上升,85.6,162.3,62.67,54.88,7,Y,N,Y,Y,Y,Y,Y,Y
143,8081,致新,電子工業,259.0,強勢,5.77,5.5,77.2,上升,11,50.2,12,13.75,連續下降,93.1,169.4,285.0,198.73,7,Y,N,Y,Y,Y,Y,Y,Y
144,3551,世禾,綠能環保類,199.0,強勢,6.66,0.69,21.1,下降,11,8.0,12,6.35,下降,93.0,182.5,27.33,141.77,7,N,Y,Y,Y,Y,Y,Y,Y
145,5288,豐祥-KY,電機機械,187.0,強勢,18.48,3.41,49.5,上升,11,40.0,13,13.27,上升,84.8,165.1,127.69,147.21,7,N,Y,Y,Y,Y,Y,Y,Y
146,3596,智易,電子工業,156.0,價值,-13.7,3.98,61.3,下降,11,48.1,12,6.01,上升,94.9,155.5,124.07,130.38,7,N,Y,Y,Y,Y,Y,Y,Y
147,3023,信邦,電子零組件業,322.5,強勢,21.03,2.62,69.6,上升,11,32.0,13,10.35,上升,86.5,171.3,168.85,244.82,7,N,Y,Y,Y,Y,Y,Y,Y
148,3171,炎洲流通,居家生活類,57.2,價值,-2.83,4.1,97.2,下降,9,64.2,12,6.51,連續上升,91.5,152.2,46.87,48.84,7,Y,N,Y,Y,Y,Y,Y,Y
149,4527,方土霖,電機機械,40.9,強勢,0.32,5.87,79.0,下降,11,42.2,12,7.77,上升,93.2,169.4,48.0,31.38,7,Y,N,Y,Y,Y,Y,Y,Y
150,2501,國建,建材營造,20.35,價值,-11.45,4.34,63.0,上升,10,33.4,12,3.21,上升,96.2,152.3,17.67,17.37,7,Y,N,Y,Y,Y,Y,Y,Y
151,5013,強新,鋼鐵工業,51.5,強勢,78.01,2.1,43.3,上升,11,19.2,12,5.92,連續下降,108.9,299.2,21.67,22.37,7,N,Y,Y,Y,Y,Y,Y,Y
152,4506,崇友,電機機械,117.5,價值,-1.94,3.32,76.3,下降,11,80.2,12,10.22,連續上升,91.5,161.5,78.0,94.57,7,N,Y,Y,Y,Y,Y,Y,Y
153,8358,金居,電子零組件業,570.0,強勢,57.25,0.4,64.0,下降,9,18.8,10,11.25,下降,99.2,213.8,45.37,346.66,7,N,Y,Y,Y,Y,Y,Y,Y
154,3587,閎康,其他電子類,257.5,強勢,5.28,2.05,60.5,上升,11,26.3,12,8.63,連續下降,98.4,173.0,105.46,193.47,7,N,Y,Y,Y,Y,Y,Y,Y
155,1319,東陽,汽車工業,77.8,價值,-11.67,3.95,71.2,上升,11,75.5,12,6.45,上升,84.1,166.3,61.5,60.83,7,N,Y,Y,Y,Y,Y,Y,Y
156,1590,亞德客-KY,電機機械,1180.0,價值,-0.08,1.44,48.4,上升,11,3.7,12,11.63,上升,100.0,143.8,339.75,1066.71,7,N,Y,Y,Y,Y,Y,Y,Y
157,2059,川湖,電子零組件業,13355.0,強勢,123.03,0.17,49.4,下降,11,21.8,12,17.39,上升,96.0,195.4,447.97,8884.98,7,N,Y,Y,Y,Y,Y,Y,Y
158,1232,大統益,食品工業,153.5,強勢,3.05,4.21,81.6,上升,11,60.3,13,17.22,連續下降,96.4,164.8,129.33,121.1,7,Y,N,Y,Y,Y,Y,Y,Y
159,8103,瀚荃,電子零組件業,121.5,強勢,31.69,1.69,55.7,上升,11,17.7,12,5.53,下降,90.1,204.9,40.98,77.07,7,N,Y,Y,Y,Y,Y,Y,Y
160,3416,融程電,電子工業,168.5,強勢,4.22,2.38,68.4,下降,11,37.3,13,10.55,上升,94.0,162.6,80.09,134.74,7,N,Y,Y,Y,Y,Y,Y,Y
161,2476,鉅祥,電子零組件業,128.5,強勢,22.09,1.24,47.1,下降,11,20.8,13,7.46,下降,86.5,176.4,31.83,94.68,7,N,Y,Y,Y,Y,Y,Y,Y
162,3010,華立,電子通路業,130.0,強勢,8.09,4.21,57.3,上升,11,33.6,12,5.31,下降,80.7,175.9,109.5,96.08,7,Y,N,Y,Y,Y,Y,Y,Y
163,9946,三發地產,建材營造,16.7,價值,-5.58,4.06,87.1,上升,7,47.0,12,3.43,上升,98.7,155.8,13.58,13.94,7,Y,N,Y,Y,Y,Y,Y,Y
164,3556,禾瑞亞,半導體業,58.5,強勢,15.23,5.07,88.3,上升,11,67.0,12,12.94,下降,93.0,159.4,59.27,47.7,7,Y,N,Y,Y,Y,Y,Y,Y
165,2421,建準,電子零組件業,169.5,強勢,12.57,1.83,67.1,下降,11,30.0,12,8.58,連續上升,85.3,187.3,62.18,117.68,7,N,Y,Y,Y,Y,Y,Y,Y
166,3034,聯詠,電子工業,543.0,強勢,22.02,5.74,82.4,上升,11,84.8,13,20.55,連續下降,95.9,171.8,623.67,410.8,7,Y,N,Y,Y,Y,Y,Y,Y
167,2383,台光電,電子零組件業,5700.0,強勢,65.29,0.23,59.7,下降,11,24.0,13,13.64,下降,99.0,181.7,256.54,4078.94,7,N,Y,Y,Y,Y,Y,Y,Y
168,6190,萬泰科,通信網路業,77.4,強勢,28.84,2.02,83.0,上升,10,21.2,10,5.13,上升,78.0,187.5,31.32,53.66,7,N,Y,Y,Y,Y,Y,Y,Y
169,5425,台半,半導體業,105.5,強勢,40.95,2.22,79.1,上升,11,34.2,12,8.4,下降,96.8,192.8,46.82,71.15,7,N,Y,Y,Y,Y,Y,Y,Y
170,5274,信驊,半導體業,19520.0,強勢,57.87,0.22,81.5,下降,11,27.3,12,29.97,上升,96.8,196.4,860.0,12923.37,7,N,Y,Y,Y,Y,Y,Y,Y
171,6509,聚和,化學工業,49.9,強勢,20.11,2.54,49.9,上升,11,26.0,12,5.33,上升,105.8,177.5,25.31,36.56,7,N,Y,Y,Y,Y,Y,Y,Y
172,8454,富邦媒,數位雲端,234.5,強勢,2.79,5.34,86.0,連續上升,11,74.8,12,12.37,連續下降,95.2,156.0,250.33,195.45,7,Y,N,Y,Y,Y,Y,Y,Y
173,3213,茂訊,電腦及週邊設備業,125.5,強勢,11.08,4.01,73.8,下降,11,68.7,12,13.77,下降,85.7,164.3,100.67,99.28,7,Y,Y,Y,Y,Y,Y,N,Y
174,3583,辛耘,電子工業,744.0,強勢,30.44,0.5,46.2,下降,11,17.7,12,6.88,下降,98.4,172.3,73.99,561.33,7,N,Y,Y,Y,Y,Y,Y,Y
175,6257,矽格,半導體業,260.0,強勢,56.56,1.09,52.3,上升,11,24.7,13,7.54,下降,92.8,200.1,56.85,168.93,7,N,Y,Y,Y,Y,Y,Y,Y
176,5439,高技,電子零組件業,261.0,價值,-15.21,1.46,71.6,下降,11,29.2,12,11.1,上升,97.2,174.2,76.33,194.82,7,N,Y,Y,Y,Y,Y,Y,Y
177,2015,豐興,鋼鐵工業,63.8,強勢,0.08,5.96,79.8,上升,11,78.8,13,11.18,下降,93.0,165.6,76.0,50.1,7,Y,N,Y,Y,Y,Y,Y,Y
178,2313,華通,電子零組件業,248.5,強勢,31.81,0.85,44.2,上升,11,21.2,12,6.54,上升,108.8,189.5,42.33,170.47,7,N,Y,Y,Y,Y,Y,Y,Y
179,3402,漢科,其他電子類,140.0,強勢,7.46,2.55,69.3,下降,11,37.7,12,7.23,上升,93.7,180.6,71.33,100.78,7,N,Y,Y,Y,Y,Y,Y,Y
180,2455,全新,電子工業,606.0,強勢,111.33,0.47,87.0,上升,11,30.7,13,12.73,下降,98.1,236.1,56.43,333.63,7,N,Y,Y,Y,Y,Y,Y,Y
181,4728,雙美,生技醫療業,395.0,強勢,1.38,2.12,85.2,上升,9,58.3,10,19.69,上升,89.4,168.6,167.33,304.65,7,N,Y,Y,Y,Y,Y,Y,Y
182,5234,達興材料,光電業,307.0,價值,-14.92,1.48,82.2,下降,10,55.5,12,13.71,下降,98.0,162.7,90.8,245.28,7,N,Y,Y,Y,Y,Y,Y,Y
183,2474,可成,電子工業,207.0,強勢,3.47,5.5,74.8,下降,11,58.0,12,6.83,下降,58.4,172.7,227.71,155.79,7,Y,Y,Y,Y,Y,Y,N,Y
184,6417,韋僑,通信網路業,102.5,價值,-9.32,1.35,34.5,上升,11,13.2,12,6.91,下降,92.5,155.1,27.67,85.93,7,N,Y,Y,Y,Y,Y,Y,Y
185,2520,冠德,建材營造,36.65,強勢,10.0,5.99,41.2,上升,11,53.3,12,4.7,下降,117.9,169.9,43.9,28.04,7,Y,N,Y,Y,Y,Y,Y,Y
186,1817,凱撒衛,玻璃陶瓷,39.75,強勢,1.95,5.19,58.3,上升,11,92.0,12,10.19,上升,97.0,167.8,41.23,30.8,7,Y,N,Y,Y,Y,Y,Y,Y
187,2480,敦陽科,電子工業,166.5,強勢,10.0,3.81,93.8,下降,11,75.7,13,9.8,上升,92.1,175.2,126.81,123.55,7,N,Y,Y,Y,Y,Y,Y,Y
188,1560,中砂,電機機械,1040.0,強勢,91.27,0.3,50.2,下降,11,31.7,12,10.09,上升,95.8,233.3,61.47,579.41,7,N,Y,Y,Y,Y,Y,Y,Y
189,3042,晶技,電子工業,222.0,強勢,64.26,2.42,79.4,上升,11,56.0,12,9.1,下降,86.0,204.7,107.67,140.99,7,N,Y,Y,Y,Y,Y,Y,Y
190,8091,翔名,半導體業,240.0,強勢,34.59,1.98,71.8,上升,11,47.0,12,8.28,下降,93.1,175.7,95.02,177.62,7,N,Y,Y,Y,Y,Y,Y,Y
191,5434,崇越,電子工業,620.0,強勢,52.54,1.54,59.7,下降,11,52.2,12,9.64,上升,84.5,193.3,190.67,416.98,7,N,Y,Y,Y,Y,Y,Y,Y
192,4987,科誠,電腦及週邊設備業,81.6,強勢,6.19,4.46,70.2,上升,10,129.0,12,10.89,上升,97.0,167.5,72.8,63.33,7,Y,N,Y,Y,Y,Y,Y,Y
193,3017,奇鋐,電子工業,3585.0,強勢,67.24,0.18,35.5,下降,11,28.0,12,6.89,連續上升,91.6,203.0,130.29,2295.8,7,N,Y,Y,Y,Y,Y,Y,Y
194,4995,晶達,光電業,47.3,強勢,6.81,5.67,82.5,上升,11,131.0,13,8.42,下降,97.4,161.0,53.62,38.2,7,Y,N,Y,Y,Y,Y,Y,Y
195,3705,永信,生技醫療業,56.6,強勢,1.63,4.21,72.4,上升,11,86.0,12,6.71,上升,84.5,170.9,47.67,43.05,7,Y,N,Y,Y,Y,Y,Y,Y
196,2006,東和鋼鐵,鋼鐵工業,85.8,強勢,20.48,4.57,68.8,上升,10,90.6,13,6.61,下降,97.6,178.7,78.4,62.43,7,Y,N,Y,Y,Y,Y,Y,Y
197,2493,揚博,電子零組件業,208.0,強勢,40.16,1.78,83.7,下降,11,76.5,12,10.8,上升,99.5,172.3,74.17,156.96,7,N,Y,Y,Y,Y,Y,Y,Y
198,2423,固緯,電子工業,72.6,強勢,16.85,2.58,77.9,上升,11,93.3,12,9.53,上升,85.7,162.9,37.53,57.92,7,N,Y,Y,Y,Y,Y,Y,Y
199,3577,泓格,電腦及週邊設備業,112.0,強勢,22.42,1.22,71.9,上升,11,55.5,12,8.09,下降,96.0,151.8,27.33,95.92,7,N,Y,Y,Y,Y,Y,Y,Y
200,8112,至上,電子工業,84.1,強勢,4.3,4.48,78.5,上升,11,75.3,12,5.0,下降,117.6,160.6,75.29,68.08,7,Y,Y,Y,Y,Y,Y,N,Y
201,4958,臻鼎-KY,電子工業,576.0,強勢,76.19,0.78,48.1,上升,11,41.7,12,6.45,下降,95.0,195.4,89.99,383.21,7,N,Y,Y,Y,Y,Y,Y,Y
202,3388,崇越電,電子零組件業,84.6,強勢,10.55,4.86,79.9,上升,11,137.8,12,7.13,下降,96.8,172.3,82.16,63.82,7,Y,N,Y,Y,Y,Y,Y,Y
203,5016,松和,鋼鐵工業,27.0,強勢,6.82,5.93,69.1,下降,11,120.8,12,5.03,下降,102.6,183.2,32.0,19.16,7,Y,N,Y,Y,Y,Y,Y,Y
204,2449,京元電子,電子工業,294.0,強勢,9.78,0.94,55.8,下降,11,57.0,12,7.59,上升,101.2,183.9,55.0,207.86,7,N,Y,Y,Y,Y,Y,Y,Y
205,3665,貿聯-KY,電子工業,2485.0,強勢,33.37,0.41,49.0,下降,11,64.5,12,8.84,上升,101.0,193.4,206.1,1670.76,7,N,Y,Y,Y,Y,Y,Y,Y
206,6005,群益證,金融保險,33.0,強勢,9.83,3.22,64.5,上升,11,86.2,12,1.97,下降,63.0,169.3,21.23,25.34,7,N,Y,Y,Y,Y,Y,Y,Y
